date,pm25,pm10,o3,no2,so2,co
01-05-2022,175.0,105.0,33.0,10.0,1.0,5.0
02-05-2022,166.0,106.0,15.0,10.0,2.0,5.0
03-05-2022,167.0,99.0,12.0,10.0,1.0,6.0
04-05-2022,175.0,97.0,24.0,15.0,3.0,10.0
05-05-2022,161.0,94.0,42.0,18.0,2.0,14.0
06-05-2022,162.0,90.0,39.0,13.0,3.0,16.0
07-05-2022,152.0,83.0,34.0,12.0,2.0,13.0
08-05-2022,155.0,89.0,31.0,13.0,2.0,14.0
09-05-2022,154.0,97.0,25.0,13.0,2.0,14.0
10-05-2022,158.0,83.0,27.0,13.0,2.0,14.0
11-05-2022,149.0,100.0,13.0,14.0,2.0,14.0
12-05-2022,161.0,93.0,14.0,17.0,3.0,18.0
13-05-2022,147.0,122.0,13.0,14.0,2.0,14.0
14-05-2022,168.0,104.0,14.0,14.0,2.0,14.0
15-05-2022,158.0,126.0,13.0,11.0,2.0,15.0
16-05-2022,168.0,123.0,23.0,18.0,3.0,12.0
01-04-2022,177.0,103.0,22.0,21.0,2.0,18.0
02-04-2022,170.0,84.0,19.0,25.0,3.0,18.0
03-04-2022,178.0,78.0,14.0,23.0,3.0,16.0
04-04-2022,160.0,88.0,15.0,23.0,2.0,15.0
05-04-2022,165.0,143.0,19.0,25.0,2.0,18.0
06-04-2022,145.0,164.0,24.0,30.0,2.0,19.0
07-04-2022,171.0,135.0,21.0,28.0,2.0,21.0
08-04-2022,168.0,184.0,24.0,27.0,2.0,22.0
09-04-2022,183.0,162.0,18.0,20.0,2.0,19.0
10-04-2022,178.0,152.0,22.0,17.0,2.0,17.0
11-04-2022,176.0,139.0,18.0,15.0,2.0,17.0
12-04-2022,170.0,140.0,25.0,22.0,2.0,21.0
13-04-2022,169.0,147.0,20.0,16.0,2.0,17.0
14-04-2022,173.0,156.0,24.0,16.0,3.0,14.0
15-04-2022,190.0,156.0,37.0,18.0,3.0,15.0
16-04-2022,184.0,144.0,38.0,22.0,3.0,16.0
17-04-2022,182.0,153.0,42.0,28.0,4.0,19.0
18-04-2022,198.0,184.0,44.0,22.0,6.0,22.0
19-04-2022,206.0,175.0,34.0,20.0,3.0,16.0
20-04-2022,205.0,162.0,27.0,12.0,4.0,14.0
21-04-2022,176.0,215.0,27.0,15.0,3.0,15.0
22-04-2022,219.0,135.0,31.0,17.0,6.0,14.0
23-04-2022,184.0,163.0,37.0,20.0,3.0,13.0
24-04-2022,201.0,140.0,23.0,22.0,3.0,14.0
25-04-2022,179.0,249.0,30.0,16.0,1.0,8.0
26-04-2022,240.0,162.0,46.0,18.0,2.0,9.0
27-04-2022,198.0,154.0,53.0,20.0,2.0,14.0
28-04-2022,193.0,170.0,32.0,16.0,1.0,9.0
29-04-2022,226.0,190.0,28.0,13.0,1.0,9.0
30-04-2022,225.0,117.0,21.0,9.0,1.0,5.0
01-03-2022,131.0,93.0,17.0,20.0,2.0,7.0
02-03-2022,132.0,104.0,17.0,21.0,2.0,8.0
03-03-2022,145.0,97.0,31.0,17.0,3.0,11.0
04-03-2022,142.0,103.0,11.0,15.0,3.0,14.0
05-03-2022,143.0,105.0,14.0,14.0,3.0,13.0
06-03-2022,153.0,111.0,17.0,21.0,4.0,17.0
07-03-2022,162.0,107.0,13.0,17.0,3.0,17.0
08-03-2022,153.0,120.0,9.0,19.0,3.0,16.0
09-03-2022,150.0,112.0,9.0,17.0,4.0,15.0
10-03-2022,146.0,109.0,9.0,17.0,3.0,17.0
11-03-2022,153.0,105.0,13.0,16.0,4.0,17.0
12-03-2022,156.0,123.0,13.0,18.0,4.0,16.0
13-03-2022,165.0,132.0,14.0,23.0,3.0,21.0
14-03-2022,170.0,139.0,16.0,21.0,4.0,22.0
15-03-2022,185.0,138.0,27.0,15.0,8.0,23.0
16-03-2022,169.0,138.0,16.0,9.0,3.0,18.0
17-03-2022,175.0,122.0,21.0,7.0,3.0,19.0
18-03-2022,166.0,124.0,19.0,7.0,3.0,18.0
19-03-2022,164.0,112.0,17.0,9.0,3.0,19.0
20-03-2022,166.0,167.0,16.0,9.0,3.0,19.0
21-03-2022,167.0,93.0,14.0,8.0,4.0,16.0
22-03-2022,161.0,143.0,19.0,9.0,3.0,16.0
23-03-2022,164.0,125.0,21.0,10.0,3.0,19.0
24-03-2022,172.0,130.0,17.0,9.0,3.0,18.0
25-03-2022,157.0,159.0,16.0,10.0,4.0,16.0
26-03-2022,158.0,235.0,16.0,9.0,4.0,16.0
27-03-2022,159.0,179.0,15.0,17.0,3.0,20.0
28-03-2022,157.0,348.0,19.0,23.0,2.0,20.0
29-03-2022,166.0,159.0,20.0,21.0,2.0,19.0
30-03-2022,181.0,101.0,20.0,17.0,2.0,16.0
31-03-2022,178.0,108.0,21.0,17.0,1.0,14.0
01-02-2022,175.0,118.0,7.0,17.0,1.0,19.0
02-02-2022,172.0,111.0,9.0,15.0,1.0,16.0
03-02-2022,178.0,56.0,6.0,13.0,1.0,11.0
04-02-2022,116.0,94.0,6.0,16.0,1.0,13.0
05-02-2022,146.0,82.0,5.0,15.0,3.0,8.0
06-02-2022,127.0,138.0,13.0,22.0,1.0,22.0
07-02-2022,194.0,94.0,13.0,21.0,3.0,9.0
08-02-2022,157.0,86.0,10.0,15.0,1.0,7.0
09-02-2022,157.0,92.0,10.0,15.0,2.0,6.0
10-02-2022,124.0,128.0,15.0,18.0,1.0,8.0
11-02-2022,145.0,127.0,15.0,23.0,2.0,10.0
12-02-2022,151.0,158.0,18.0,25.0,2.0,15.0
13-02-2022,167.0,146.0,14.0,27.0,1.0,17.0
14-02-2022,186.0,190.0,11.0,20.0,1.0,13.0
15-02-2022,185.0,166.0,13.0,25.0,1.0,10.0
16-02-2022,162.0,124.0,10.0,27.0,1.0,10.0
17-02-2022,161.0,137.0,4.0,28.0,1.0,10.0
18-02-2022,164.0,102.0,3.0,23.0,1.0,7.0
19-02-2022,145.0,72.0,4.0,19.0,1.0,6.0
20-02-2022,146.0,108.0,3.0,24.0,2.0,10.0
21-02-2022,154.0,110.0,16.0,22.0,3.0,8.0
22-02-2022,154.0,102.0,14.0,15.0,2.0,6.0
23-02-2022,144.0,100.0,13.0,18.0,2.0,6.0
24-02-2022,152.0,107.0,15.0,21.0,3.0,12.0
25-02-2022,152.0,94.0,12.0,18.0,2.0,7.0
26-02-2022,143.0,88.0,8.0,14.0,2.0,6.0
27-02-2022,105.0,110.0,12.0,17.0,2.0,5.0
28-02-2022,103.0,95.0,16.0,19.0,2.0,6.0
03-01-2022,179.0,276.0,26.0,23.0,3.0,24.0
04-01-2022,183.0,185.0,19.0,16.0,3.0,19.0
05-01-2022,157.0,135.0,15.0,11.0,4.0,12.0
06-01-2022,163.0,95.0,5.0,7.0,3.0,7.0
07-01-2022,126.0,103.0,5.0,7.0,4.0,5.0
08-01-2022,84.0,55.0,4.0,6.0,3.0,7.0
09-01-2022,83.0,71.0,8.0,7.0,3.0,5.0
10-01-2022,105.0,70.0,10.0,8.0,2.0,7.0
11-01-2022,103.0,79.0,9.0,9.0,2.0,4.0
12-01-2022,109.0,154.0,5.0,10.0,2.0,7.0
13-01-2022,122.0,151.0,7.0,12.0,4.0,14.0
14-01-2022,137.0,154.0,5.0,14.0,2.0,18.0
15-01-2022,170.0,138.0,4.0,13.0,3.0,20.0
16-01-2022,165.0,112.0,4.0,12.0,3.0,17.0
17-01-2022,150.0,126.0,3.0,14.0,3.0,17.0
18-01-2022,176.0,151.0,4.0,13.0,2.0,18.0
19-01-2022,183.0,243.0,6.0,17.0,2.0,25.0
20-01-2022,206.0,225.0,8.0,19.0,2.0,21.0
21-01-2022,216.0,121.0,4.0,17.0,3.0,19.0
22-01-2022,171.0,146.0,4.0,14.0,3.0,21.0
23-01-2022,170.0,118.0,3.0,13.0,3.0,17.0
24-01-2022,170.0,99.0,8.0,16.0,2.0,18.0
25-01-2022,146.0,116.0,5.0,16.0,1.0,20.0
26-01-2022,164.0,128.0,5.0,16.0,1.0,21.0
27-01-2022,165.0,154.0,9.0,21.0,1.0,25.0
28-01-2022,174.0,169.0,9.0,25.0,1.0,21.0
29-01-2022,174.0,142.0,11.0,21.0,1.0,20.0
30-01-2022,163.0,135.0,7.0,17.0,3.0,17.0
31-01-2022,182.0,121.0,8.0,21.0,1.0,23.0
01-10-2021,93.0,51.0,7.0,23.0,4.0,7.0
02-10-2021,86.0,44.0,8.0,21.0,5.0,7.0
03-10-2021,83.0,43.0,8.0,21.0,3.0,26.0
04-10-2021,78.0,59.0,8.0,26.0,4.0,17.0
05-10-2021,96.0,58.0,9.0,26.0,8.0,25.0
06-10-2021,91.0,74.0,7.0,25.0,5.0,18.0
07-10-2021,120.0,103.0,10.0,23.0,5.0,21.0
08-10-2021,161.0,115.0,8.0,22.0,4.0,20.0
09-10-2021,166.0,118.0,9.0,23.0,7.0,20.0
10-10-2021,165.0,115.0,8.0,34.0,8.0,23.0
11-10-2021,165.0,92.0,8.0,28.0,9.0,19.0
12-10-2021,154.0,107.0,9.0,22.0,4.0,12.0
13-10-2021,147.0,120.0,8.0,23.0,4.0,6.0
14-10-2021,165.0,130.0,8.0,28.0,4.0,9.0
15-10-2021,173.0,122.0,9.0,34.0,6.0,12.0
16-10-2021,167.0,61.0,10.0,29.0,5.0,9.0
17-10-2021,93.0,37.0,8.0,16.0,4.0,3.0
18-10-2021,36.0,39.0,7.0,8.0,4.0,8.0
19-10-2021,71.0,92.0,7.0,10.0,3.0,9.0
20-10-2021,133.0,116.0,21.0,16.0,3.0,10.0
21-10-2021,161.0,99.0,19.0,18.0,4.0,10.0
22-10-2021,146.0,104.0,11.0,17.0,3.0,13.0
23-10-2021,146.0,93.0,12.0,17.0,4.0,10.0
24-10-2021,151.0,87.0,12.0,15.0,4.0,7.0
25-10-2021,139.0,78.0,14.0,17.0,4.0,10.0
26-10-2021,122.0,97.0,10.0,20.0,1.0,16.0
27-10-2021,146.0,132.0,10.0,25.0,2.0,22.0
28-10-2021,170.0,121.0,9.0,29.0,2.0,25.0
29-10-2021,167.0,103.0,10.0,25.0,3.0,18.0
30-10-2021,157.0,137.0,9.0,27.0,2.0,20.0
31-10-2021,182.0,167.0,9.0,32.0,2.0,26.0
01-11-2021,200.0,135.0,9.0,28.0,2.0,24.0
02-11-2021,181.0,145.0,21.0,29.0,2.0,28.0
03-11-2021,183.0,248.0,32.0,25.0,5.0,22.0
04-11-2021,262.0,387.0,29.0,23.0,6.0,21.0
05-11-2021,334.0,182.0,36.0,21.0,5.0,19.0
06-11-2021,149.0,220.0,27.0,26.0,6.0,24.0
07-11-2021,193.0,217.0,42.0,30.0,7.0,29.0
08-11-2021,203.0,210.0,47.0,27.0,3.0,28.0
09-11-2021,225.0,169.0,34.0,30.0,3.0,29.0
10-11-2021,210.0,158.0,48.0,31.0,4.0,35.0
11-11-2021,191.0,129.0,50.0,31.0,5.0,30.0
12-11-2021,186.0,140.0,42.0,29.0,5.0,35.0
13-11-2021,203.0,133.0,42.0,30.0,3.0,34.0
14-11-2021,207.0,133.0,47.0,31.0,4.0,37.0
15-11-2021,200.0,143.0,46.0,30.0,3.0,27.0
16-11-2021,194.0,155.0,39.0,30.0,3.0,26.0
17-11-2021,188.0,177.0,41.0,27.0,3.0,15.0
18-11-2021,188.0,130.0,35.0,25.0,3.0,13.0
19-11-2021,193.0,141.0,23.0,33.0,4.0,14.0
20-11-2021,187.0,139.0,47.0,30.0,4.0,13.0
21-11-2021,190.0,115.0,42.0,34.0,3.0,15.0
22-11-2021,175.0,128.0,45.0,32.0,6.0,22.0
23-11-2021,178.0,188.0,21.0,36.0,6.0,30.0
24-11-2021,225.0,182.0,24.0,37.0,5.0,21.0
25-11-2021,210.0,221.0,23.0,33.0,4.0,24.0
26-11-2021,236.0,262.0,17.0,29.0,3.0,18.0
27-11-2021,262.0,194.0,15.0,30.0,3.0,8.0
28-11-2021,219.0,167.0,16.0,25.0,4.0,5.0
29-11-2021,210.0,152.0,15.0,29.0,4.0,6.0
30-11-2021,199.0,136.0,5.0,26.0,3.0,13.0
01-12-2021,189.0,131.0,3.0,20.0,2.0,11.0
02-12-2021,173.0,137.0,2.0,20.0,3.0,20.0
03-12-2021,185.0,139.0,3.0,21.0,2.0,28.0
04-12-2021,197.0,127.0,3.0,24.0,2.0,18.0
05-12-2021,184.0,126.0,3.0,21.0,2.0,15.0
06-12-2021,180.0,91.0,2.0,24.0,3.0,18.0
07-12-2021,146.0,123.0,2.0,26.0,3.0,18.0
08-12-2021,181.0,134.0,30.0,28.0,2.0,19.0
09-12-2021,186.0,118.0,31.0,27.0,2.0,14.0
10-12-2021,160.0,125.0,24.0,28.0,2.0,16.0
11-12-2021,169.0,125.0,37.0,30.0,1.0,18.0
12-12-2021,170.0,189.0,34.0,36.0,1.0,27.0
13-12-2021,205.0,166.0,28.0,29.0,1.0,21.0
14-12-2021,200.0,190.0,21.0,26.0,1.0,25.0
15-12-2021,200.0,179.0,20.0,29.0,2.0,25.0
16-12-2021,200.0,101.0,22.0,21.0,1.0,15.0
17-12-2021,169.0,95.0,22.0,25.0,1.0,14.0
18-12-2021,163.0,129.0,21.0,26.0,2.0,16.0
19-12-2021,184.0,202.0,20.0,31.0,2.0,21.0
20-12-2021,217.0,224.0,22.0,35.0,1.0,23.0
21-12-2021,229.0,248.0,42.0,31.0,4.0,26.0
22-12-2021,229.0,332.0,33.0,36.0,4.0,28.0
23-12-2021,222.0,370.0,17.0,33.0,5.0,29.0
24-12-2021,271.0,306.0,18.0,28.0,4.0,21.0
25-12-2021,253.0,256.0,17.0,26.0,3.0,22.0
26-12-2021,209.0,288.0,18.0,21.0,4.0,24.0
27-12-2021,236.0,210.0,6.0,21.0,2.0,17.0
28-12-2021,210.0,90.0,8.0,13.0,4.0,19.0
29-12-2021,144.0,120.0,6.0,10.0,4.0,19.0
30-12-2021,148.0,94.0,9.0,12.0,4.0,12.0
31-12-2021,125.0,162.0,13.0,17.0,3.0,17.0
01-01-2022,164.0,202.0,23.0,21.0,4.0,19.0
02-01-2022,165.0,250.0,26.0,24.0,4.0,22.0
01-07-2021,155.0,81.0,22.0,5.0,3.0,8.0
02-07-2021,133.0,68.0,22.0,11.0,2.0,8.0
03-07-2021,123.0,71.0,21.0,18.0,3.0,8.0
04-07-2021,135.0,78.0,22.0,19.0,3.0,8.0
05-07-2021,147.0,84.0,21.0,30.0,3.0,7.0
06-07-2021,142.0,85.0,21.0,30.0,3.0,10.0
07-07-2021,140.0,70.0,20.0,26.0,3.0,10.0
08-07-2021,126.0,59.0,20.0,29.0,4.0,11.0
09-07-2021,90.0,49.0,19.0,26.0,3.0,11.0
10-07-2021,94.0,55.0,19.0,24.0,4.0,8.0
11-07-2021,99.0,47.0,18.0,30.0,4.0,8.0
12-07-2021,74.0,57.0,16.0,27.0,4.0,8.0
13-07-2021,71.0,68.0,18.0,25.0,2.0,8.0
14-07-2021,80.0,68.0,22.0,13.0,3.0,8.0
15-07-2021,90.0,66.0,11.0,13.0,3.0,8.0
16-07-2021,117.0,58.0,14.0,7.0,4.0,8.0
17-07-2021,104.0,39.0,13.0,6.0,2.0,8.0
18-07-2021,69.0,34.0,13.0,16.0,3.0,8.0
19-07-2021,66.0,35.0,14.0,23.0,3.0,8.0
20-07-2021,62.0,37.0,13.0,21.0,2.0,8.0
21-07-2021,63.0,41.0,14.0,18.0,3.0,8.0
22-07-2021,67.0,45.0,18.0,9.0,7.0,8.0
23-07-2021,88.0,48.0,15.0,9.0,4.0,8.0
24-07-2021,102.0,55.0,14.0,7.0,3.0,8.0
25-07-2021,115.0,65.0,16.0,5.0,4.0,8.0
26-07-2021,109.0,44.0,18.0,3.0,4.0,8.0
27-07-2021,52.0,34.0,20.0,4.0,3.0,8.0
28-07-2021,41.0,33.0,16.0,2.0,5.0,8.0
29-07-2021,53.0,45.0,16.0,4.0,4.0,8.0
30-07-2021,70.0,27.0,16.0,2.0,3.0,8.0
31-07-2021,49.0,29.0,17.0,2.0,3.0,8.0
01-08-2021,47.0,47.0,15.0,10.0,3.0,8.0
02-08-2021,63.0,43.0,18.0,16.0,2.0,8.0
03-08-2021,61.0,52.0,18.0,17.0,1.0,8.0
04-08-2021,70.0,54.0,22.0,9.0,4.0,8.0
05-08-2021,70.0,64.0,18.0,6.0,6.0,8.0
06-08-2021,90.0,69.0,17.0,4.0,2.0,8.0
07-08-2021,97.0,59.0,18.0,3.0,2.0,8.0
08-08-2021,86.0,54.0,14.0,5.0,3.0,8.0
09-08-2021,69.0,51.0,18.0,3.0,2.0,9.0
10-08-2021,71.0,72.0,15.0,5.0,3.0,8.0
11-08-2021,104.0,74.0,18.0,4.0,5.0,8.0
12-08-2021,102.0,77.0,18.0,9.0,5.0,8.0
13-08-2021,102.0,85.0,15.0,2.0,4.0,8.0
14-08-2021,118.0,81.0,15.0,3.0,4.0,8.0
15-08-2021,106.0,74.0,15.0,4.0,4.0,8.0
16-08-2021,105.0,86.0,17.0,3.0,3.0,8.0
17-08-2021,128.0,78.0,15.0,3.0,3.0,8.0
18-08-2021,117.0,69.0,16.0,3.0,3.0,8.0
19-08-2021,95.0,54.0,19.0,6.0,4.0,9.0
20-08-2021,78.0,50.0,16.0,10.0,2.0,8.0
21-08-2021,84.0,61.0,20.0,9.0,4.0,8.0
22-08-2021,125.0,62.0,17.0,6.0,5.0,8.0
23-08-2021,107.0,57.0,17.0,5.0,4.0,8.0
24-08-2021,67.0,73.0,16.0,7.0,4.0,8.0
25-08-2021,79.0,82.0,29.0,6.0,3.0,9.0
26-08-2021,115.0,72.0,25.0,6.0,2.0,8.0
27-08-2021,107.0,67.0,26.0,5.0,2.0,8.0
28-08-2021,106.0,49.0,30.0,5.0,1.0,8.0
29-08-2021,78.0,29.0,30.0,4.0,3.0,8.0
30-08-2021,45.0,40.0,29.0,4.0,4.0,8.0
31-08-2021,63.0,64.0,30.0,6.0,3.0,8.0
01-09-2021,94.0,64.0,28.0,6.0,3.0,9.0
02-09-2021,88.0,62.0,30.0,3.0,2.0,8.0
03-09-2021,85.0,36.0,28.0,5.0,3.0,8.0
04-09-2021,45.0,49.0,27.0,3.0,2.0,8.0
05-09-2021,97.0,64.0,27.0,4.0,2.0,8.0
06-09-2021,123.0,54.0,28.0,7.0,4.0,8.0
07-09-2021,87.0,45.0,28.0,3.0,2.0,8.0
08-09-2021,72.0,47.0,25.0,4.0,2.0,8.0
09-09-2021,73.0,51.0,20.0,28.0,3.0,10.0
10-09-2021,73.0,54.0,17.0,13.0,3.0,8.0
11-09-2021,76.0,50.0,16.0,25.0,3.0,8.0
12-09-2021,66.0,57.0,17.0,36.0,4.0,5.0
13-09-2021,66.0,53.0,15.0,29.0,2.0,12.0
14-09-2021,62.0,25.0,16.0,22.0,5.0,12.0
15-09-2021,61.0,44.0,16.0,15.0,3.0,12.0
16-09-2021,56.0,40.0,18.0,21.0,3.0,12.0
17-09-2021,68.0,60.0,20.0,31.0,4.0,12.0
18-09-2021,100.0,69.0,17.0,27.0,3.0,12.0
19-09-2021,124.0,72.0,42.0,20.0,8.0,12.0
20-09-2021,109.0,52.0,16.0,12.0,1.0,12.0
21-09-2021,75.0,123.0,23.0,18.0,3.0,12.0
25-09-2021,87.0,55.0,33.0,17.0,3.0,7.0
26-09-2021,85.0,50.0,22.0,19.0,3.0,9.0
27-09-2021,91.0,56.0,37.0,15.0,2.0,8.0
28-09-2021,74.0,71.0,42.0,16.0,4.0,11.0
29-09-2021,82.0,59.0,41.0,23.0,4.0,16.0
30-09-2021,76.0,62.0,7.0,27.0,4.0,17.0
01-04-2021,149.0,106.0,23.0,6.0,3.0,7.0
02-04-2021,165.0,96.0,23.0,10.0,3.0,3.0
03-04-2021,133.0,102.0,21.0,9.0,3.0,4.0
04-04-2021,152.0,120.0,21.0,9.0,3.0,6.0
05-04-2021,164.0,139.0,23.0,8.0,3.0,8.0
06-04-2021,166.0,143.0,22.0,18.0,3.0,13.0
07-04-2021,186.0,141.0,22.0,20.0,3.0,5.0
08-04-2021,183.0,112.0,21.0,31.0,3.0,10.0
09-04-2021,157.0,95.0,22.0,16.0,3.0,6.0
10-04-2021,143.0,98.0,20.0,17.0,3.0,6.0
11-04-2021,157.0,102.0,22.0,16.0,3.0,7.0
12-04-2021,161.0,114.0,21.0,16.0,2.0,7.0
13-04-2021,161.0,111.0,21.0,19.0,3.0,5.0
14-04-2021,138.0,123.0,23.0,19.0,3.0,7.0
15-04-2021,172.0,123.0,13.0,26.0,3.0,6.0
16-04-2021,176.0,144.0,12.0,15.0,2.0,7.0
17-04-2021,169.0,86.0,12.0,11.0,2.0,7.0
18-04-2021,159.0,102.0,24.0,15.0,2.0,7.0
19-04-2021,169.0,97.0,24.0,20.0,2.0,6.0
20-04-2021,176.0,109.0,23.0,14.0,2.0,4.0
21-04-2021,183.0,71.0,22.0,16.0,3.0,10.0
22-04-2021,115.0,74.0,22.0,21.0,2.0,7.0
23-04-2021,152.0,74.0,25.0,13.0,3.0,9.0
24-04-2021,147.0,71.0,24.0,14.0,3.0,3.0
25-04-2021,141.0,88.0,24.0,20.0,3.0,7.0
26-04-2021,161.0,106.0,24.0,30.0,3.0,8.0
27-04-2021,169.0,119.0,26.0,21.0,3.0,7.0
28-04-2021,178.0,138.0,22.0,21.0,2.0,10.0
29-04-2021,187.0,117.0,24.0,15.0,4.0,9.0
30-04-2021,171.0,106.0,22.0,15.0,5.0,11.0
01-05-2021,163.0,96.0,18.0,9.0,5.0,12.0
02-05-2021,153.0,76.0,19.0,11.0,4.0,11.0
03-05-2021,135.0,82.0,18.0,9.0,3.0,5.0
04-05-2021,145.0,91.0,21.0,8.0,5.0,6.0
05-05-2021,137.0,84.0,18.0,9.0,5.0,10.0
06-05-2021,138.0,75.0,18.0,7.0,3.0,6.0
07-05-2021,105.0,74.0,20.0,10.0,5.0,12.0
08-05-2021,131.0,84.0,19.0,8.0,3.0,9.0
09-05-2021,149.0,79.0,18.0,8.0,3.0,6.0
10-05-2021,117.0,84.0,18.0,10.0,5.0,8.0
11-05-2021,140.0,99.0,25.0,11.0,6.0,11.0
12-05-2021,152.0,34.0,22.0,7.0,3.0,7.0
13-05-2021,62.0,57.0,17.0,11.0,4.0,11.0
14-05-2021,100.0,72.0,21.0,14.0,5.0,11.0
15-05-2021,128.0,79.0,19.0,13.0,5.0,14.0
16-05-2021,144.0,110.0,24.0,14.0,6.0,10.0
17-05-2021,164.0,68.0,24.0,6.0,4.0,7.0
18-05-2021,118.0,53.0,25.0,5.0,5.0,9.0
19-05-2021,96.0,77.0,23.0,2.0,4.0,8.0
20-05-2021,58.0,35.0,24.0,5.0,5.0,9.0
21-05-2021,60.0,57.0,22.0,5.0,6.0,9.0
22-05-2021,83.0,68.0,23.0,3.0,3.0,12.0
23-05-2021,123.0,152.0,23.0,4.0,5.0,12.0
24-05-2021,183.0,83.0,21.0,4.0,5.0,12.0
25-05-2021,144.0,56.0,22.0,2.0,5.0,11.0
26-05-2021,94.0,59.0,22.0,2.0,4.0,11.0
27-05-2021,91.0,29.0,21.0,18.0,4.0,11.0
28-05-2021,30.0,24.0,25.0,18.0,5.0,11.0
29-05-2021,27.0,47.0,21.0,1.0,5.0,12.0
30-05-2021,85.0,67.0,20.0,3.0,6.0,20.0
31-05-2021,137.0,68.0,22.0,11.0,7.0,23.0
01-06-2021,90.0,71.0,19.0,8.0,4.0,18.0
02-06-2021,121.0,97.0,21.0,8.0,2.0,14.0
03-06-2021,130.0,76.0,20.0,10.0,3.0,11.0
04-06-2021,144.0,63.0,20.0,10.0,2.0,11.0
05-06-2021,117.0,67.0,20.0,9.0,3.0,11.0
06-06-2021,118.0,94.0,20.0,12.0,5.0,11.0
07-06-2021,158.0,93.0,19.0,12.0,6.0,11.0
08-06-2021,151.0,82.0,18.0,11.0,6.0,11.0
09-06-2021,145.0,53.0,26.0,9.0,5.0,14.0
10-06-2021,87.0,71.0,33.0,4.0,4.0,10.0
11-06-2021,147.0,49.0,20.0,7.0,7.0,14.0
12-06-2021,72.0,29.0,18.0,4.0,3.0,11.0
13-06-2021,40.0,21.0,20.0,2.0,5.0,12.0
14-06-2021,24.0,34.0,25.0,3.0,6.0,13.0
15-06-2021,40.0,55.0,22.0,3.0,4.0,22.0
16-06-2021,79.0,46.0,21.0,2.0,1.0,8.0
17-06-2021,56.0,34.0,20.0,2.0,2.0,10.0
18-06-2021,57.0,27.0,19.0,2.0,1.0,8.0
19-06-2021,48.0,34.0,18.0,2.0,3.0,8.0
20-06-2021,48.0,48.0,15.0,2.0,3.0,24.0
21-06-2021,70.0,62.0,18.0,2.0,1.0,9.0
22-06-2021,99.0,64.0,25.0,2.0,2.0,11.0
23-06-2021,100.0,53.0,24.0,3.0,3.0,12.0
24-06-2021,96.0,53.0,22.0,11.0,3.0,8.0
25-06-2021,95.0,50.0,21.0,7.0,4.0,8.0
26-06-2021,97.0,53.0,18.0,7.0,3.0,8.0
27-06-2021,105.0,61.0,23.0,7.0,3.0,8.0
28-06-2021,117.0,82.0,20.0,6.0,3.0,9.0
29-06-2021,160.0,106.0,19.0,10.0,9.0,12.0
30-06-2021,164.0,104.0,22.0,9.0,3.0,8.0
04-01-2021,299.0,268.0,12.0,32.0,2.0,14.0
05-01-2021,290.0,234.0,9.0,24.0,2.0,11.0
06-01-2021,238.0,117.0,16.0,14.0,3.0,9.0
07-01-2021,169.0,123.0,19.0,12.0,3.0,29.0
08-01-2021,181.0,150.0,18.0,17.0,4.0,27.0
09-01-2021,193.0,137.0,18.0,11.0,3.0,20.0
10-01-2021,183.0,124.0,17.0,14.0,3.0,14.0
11-01-2021,179.0,152.0,16.0,16.0,2.0,11.0
12-01-2021,203.0,216.0,18.0,20.0,2.0,11.0
13-01-2021,235.0,178.0,14.0,17.0,1.0,8.0
14-01-2021,229.0,262.0,18.0,24.0,1.0,12.0
15-01-2021,287.0,219.0,16.0,26.0,3.0,10.0
16-01-2021,242.0,226.0,14.0,13.0,4.0,13.0
17-01-2021,241.0,308.0,14.0,21.0,3.0,12.0
18-01-2021,300.0,363.0,14.0,23.0,2.0,9.0
19-01-2021,319.0,158.0,15.0,18.0,4.0,9.0
20-01-2021,217.0,123.0,16.0,16.0,4.0,9.0
21-01-2021,187.0,140.0,16.0,16.0,4.0,8.0
22-01-2021,211.0,125.0,12.0,15.0,4.0,13.0
23-01-2021,210.0,137.0,13.0,17.0,4.0,8.0
24-01-2021,213.0,137.0,11.0,15.0,4.0,13.0
25-01-2021,228.0,124.0,10.0,17.0,5.0,12.0
26-01-2021,204.0,197.0,15.0,23.0,4.0,9.0
27-01-2021,255.0,274.0,12.0,24.0,4.0,22.0
28-01-2021,260.0,122.0,10.0,15.0,5.0,30.0
29-01-2021,196.0,173.0,8.0,23.0,5.0,31.0
30-01-2021,229.0,207.0,8.0,28.0,4.0,17.0
31-01-2021,284.0,253.0,7.0,32.0,7.0,41.0
01-02-2021,240.0,220.0,5.0,35.0,4.0,15.0
02-02-2021,271.0,144.0,28.0,28.0,7.0,26.0
03-02-2021,221.0,144.0,7.0,28.0,3.0,8.0
04-02-2021,203.0,97.0,10.0,22.0,4.0,16.0
05-02-2021,176.0,95.0,13.0,20.0,3.0,15.0
06-02-2021,159.0,106.0,14.0,23.0,3.0,13.0
07-02-2021,175.0,120.0,12.0,31.0,2.0,15.0
08-02-2021,197.0,163.0,17.0,31.0,4.0,15.0
09-02-2021,204.0,203.0,24.0,38.0,2.0,12.0
10-02-2021,245.0,181.0,12.0,36.0,2.0,15.0
11-02-2021,232.0,158.0,15.0,38.0,2.0,14.0
12-02-2021,219.0,178.0,16.0,41.0,2.0,17.0
13-02-2021,215.0,216.0,17.0,40.0,2.0,15.0
14-02-2021,256.0,151.0,20.0,52.0,2.0,16.0
15-02-2021,209.0,158.0,18.0,54.0,2.0,14.0
16-02-2021,214.0,137.0,15.0,40.0,2.0,13.0
17-02-2021,165.0,142.0,19.0,47.0,3.0,13.0
18-02-2021,196.0,165.0,23.0,44.0,4.0,21.0
19-02-2021,205.0,145.0,28.0,46.0,4.0,19.0
20-02-2021,205.0,127.0,26.0,33.0,3.0,14.0
21-02-2021,184.0,131.0,33.0,38.0,4.0,14.0
22-02-2021,192.0,136.0,39.0,41.0,4.0,16.0
23-02-2021,192.0,129.0,22.0,53.0,5.0,12.0
24-02-2021,170.0,125.0,13.0,53.0,3.0,10.0
25-02-2021,173.0,138.0,11.0,44.0,7.0,11.0
26-02-2021,163.0,117.0,20.0,46.0,6.0,12.0
27-02-2021,172.0,108.0,21.0,34.0,6.0,11.0
28-02-2021,167.0,108.0,21.0,40.0,7.0,10.0
01-03-2021,167.0,109.0,20.0,32.0,6.0,8.0
02-03-2021,161.0,113.0,23.0,44.0,4.0,13.0
03-03-2021,157.0,130.0,18.0,80.0,4.0,7.0
04-03-2021,176.0,119.0,21.0,76.0,3.0,10.0
05-03-2021,171.0,112.0,20.0,30.0,8.0,8.0
06-03-2021,165.0,128.0,21.0,36.0,15.0,10.0
07-03-2021,155.0,131.0,20.0,19.0,4.0,9.0
08-03-2021,159.0,145.0,28.0,14.0,3.0,14.0
09-03-2021,174.0,168.0,18.0,17.0,1.0,9.0
10-03-2021,209.0,151.0,22.0,15.0,3.0,11.0
11-03-2021,200.0,147.0,26.0,18.0,5.0,8.0
12-03-2021,187.0,87.0,19.0,20.0,7.0,9.0
13-03-2021,151.0,93.0,27.0,17.0,5.0,9.0
14-03-2021,160.0,114.0,25.0,20.0,8.0,8.0
15-03-2021,170.0,178.0,23.0,17.0,6.0,10.0
16-03-2021,182.0,224.0,24.0,21.0,6.0,13.0
17-03-2021,210.0,186.0,23.0,27.0,4.0,13.0
18-03-2021,232.0,162.0,22.0,17.0,4.0,18.0
19-03-2021,213.0,123.0,21.0,12.0,5.0,12.0
20-03-2021,175.0,120.0,21.0,11.0,4.0,14.0
21-03-2021,184.0,143.0,21.0,9.0,6.0,16.0
22-03-2021,185.0,106.0,21.0,5.0,6.0,13.0
23-03-2021,149.0,94.0,24.0,5.0,4.0,10.0
24-03-2021,146.0,99.0,22.0,6.0,4.0,9.0
25-03-2021,163.0,95.0,25.0,8.0,3.0,11.0
26-03-2021,147.0,122.0,25.0,10.0,3.0,11.0
27-03-2021,173.0,128.0,24.0,10.0,4.0,8.0
28-03-2021,124.0,130.0,24.0,7.0,3.0,13.0
29-03-2021,94.0,147.0,22.0,7.0,6.0,11.0
30-03-2021,161.0,129.0,20.0,5.0,3.0,10.0
31-03-2021,169.0,107.0,25.0,6.0,3.0,8.0
01-10-2020,180.0,118.0,14.0,2.0,1.0,12.0
02-10-2020,173.0,117.0,11.0,1.0,1.0,12.0
03-10-2020,179.0,131.0,8.0,2.0,1.0,12.0
04-10-2020,178.0,120.0,20.0,20.0,1.0,12.0
05-10-2020,177.0,140.0,30.0,50.0,2.0,12.0
06-10-2020,190.0,139.0,31.0,43.0,2.0,12.0
07-10-2020,194.0,134.0,29.0,36.0,3.0,12.0
08-10-2020,177.0,154.0,25.0,25.0,5.0,12.0
09-10-2020,180.0,196.0,24.0,20.0,6.0,12.0
10-10-2020,198.0,116.0,35.0,16.0,1.0,12.0
11-10-2020,176.0,124.0,41.0,12.0,1.0,12.0
12-10-2020,172.0,126.0,24.0,9.0,30.0,12.0
13-10-2020,156.0,114.0,37.0,17.0,2.0,12.0
14-10-2020,168.0,107.0,26.0,34.0,1.0,12.0
15-10-2020,173.0,122.0,31.0,26.0,1.0,12.0
16-10-2020,187.0,151.0,36.0,27.0,1.0,12.0
17-10-2020,195.0,151.0,38.0,28.0,1.0,12.0
18-10-2020,215.0,140.0,35.0,29.0,1.0,12.0
19-10-2020,203.0,105.0,37.0,27.0,1.0,10.0
20-10-2020,216.0,111.0,34.0,35.0,1.0,11.0
21-10-2020,213.0,92.0,39.0,27.0,3.0,7.0
22-10-2020,196.0,120.0,17.0,38.0,3.0,7.0
23-10-2020,163.0,137.0,29.0,39.0,3.0,7.0
24-10-2020,215.0,284.0,37.0,14.0,1.0,7.0
25-10-2020,260.0,225.0,36.0,20.0,1.0,7.0
26-10-2020,257.0,243.0,26.0,16.0,1.0,7.0
27-10-2020,246.0,234.0,24.0,21.0,1.0,7.0
28-10-2020,226.0,263.0,18.0,24.0,3.0,9.0
29-10-2020,206.0,209.0,19.0,28.0,1.0,7.0
30-10-2020,187.0,213.0,16.0,28.0,1.0,7.0
31-10-2020,194.0,334.0,28.0,24.0,1.0,7.0
01-11-2020,260.0,287.0,34.0,32.0,1.0,7.0
02-11-2020,268.0,291.0,36.0,36.0,2.0,7.0
03-11-2020,273.0,284.0,22.0,40.0,4.0,7.0
04-11-2020,235.0,468.0,30.0,36.0,3.0,10.0
05-11-2020,316.0,524.0,32.0,38.0,3.0,15.0
06-11-2020,364.0,347.0,24.0,34.0,1.0,15.0
07-11-2020,275.0,319.0,34.0,26.0,3.0,15.0
08-11-2020,306.0,340.0,37.0,32.0,4.0,16.0
09-11-2020,298.0,258.0,17.0,21.0,3.0,15.0
10-11-2020,249.0,240.0,27.0,23.0,2.0,15.0
11-11-2020,210.0,191.0,38.0,22.0,3.0,15.0
12-11-2020,204.0,243.0,27.0,24.0,3.0,18.0
13-11-2020,230.0,254.0,32.0,19.0,5.0,28.0
14-11-2020,242.0,378.0,39.0,25.0,12.0,10.0
15-11-2020,386.0,103.0,30.0,10.0,17.0,4.0
16-11-2020,151.0,99.0,28.0,12.0,14.0,5.0
17-11-2020,157.0,92.0,18.0,17.0,2.0,6.0
18-11-2020,167.0,108.0,17.0,18.0,3.0,5.0
19-11-2020,187.0,108.0,43.0,17.0,2.0,4.0
20-11-2020,185.0,120.0,35.0,23.0,4.0,6.0
21-11-2020,189.0,117.0,42.0,28.0,2.0,4.0
22-11-2020,187.0,208.0,49.0,36.0,3.0,16.0
23-11-2020,274.0,197.0,27.0,32.0,2.0,10.0
24-11-2020,270.0,172.0,17.0,42.0,2.0,7.0
25-11-2020,282.0,184.0,16.0,50.0,2.0,12.0
26-11-2020,286.0,172.0,15.0,38.0,4.0,12.0
27-11-2020,227.0,120.0,18.0,40.0,4.0,7.0
28-11-2020,194.0,118.0,15.0,41.0,4.0,6.0
29-11-2020,219.0,158.0,17.0,49.0,4.0,6.0
30-11-2020,218.0,283.0,14.0,48.0,3.0,18.0
01-12-2020,263.0,340.0,16.0,48.0,4.0,14.0
02-12-2020,327.0,300.0,16.0,45.0,3.0,17.0
03-12-2020,351.0,280.0,17.0,55.0,3.0,21.0
04-12-2020,348.0,267.0,13.0,45.0,4.0,16.0
05-12-2020,342.0,203.0,15.0,47.0,1.0,21.0
06-12-2020,273.0,252.0,15.0,44.0,2.0,13.0
07-12-2020,330.0,253.0,15.0,47.0,2.0,8.0
08-12-2020,319.0,261.0,15.0,37.0,2.0,9.0
09-12-2020,298.0,141.0,14.0,28.0,3.0,14.0
10-12-2020,213.0,137.0,14.0,22.0,2.0,8.0
11-12-2020,216.0,152.0,14.0,26.0,2.0,16.0
12-12-2020,223.0,108.0,14.0,19.0,2.0,16.0
13-12-2020,181.0,111.0,16.0,21.0,3.0,14.0
14-12-2020,182.0,174.0,13.0,30.0,3.0,10.0
15-12-2020,213.0,136.0,15.0,30.0,3.0,14.0
16-12-2020,194.0,119.0,15.0,37.0,4.0,6.0
17-12-2020,172.0,148.0,14.0,41.0,2.0,7.0
18-12-2020,204.0,206.0,15.0,41.0,1.0,7.0
19-12-2020,282.0,254.0,14.0,39.0,1.0,11.0
20-12-2020,322.0,330.0,13.0,42.0,3.0,16.0
21-12-2020,324.0,355.0,8.0,43.0,1.0,14.0
22-12-2020,356.0,345.0,14.0,48.0,6.0,23.0
23-12-2020,334.0,385.0,14.0,45.0,4.0,12.0
24-12-2020,377.0,176.0,14.0,42.0,5.0,15.0
25-12-2020,237.0,174.0,16.0,45.0,6.0,19.0
26-12-2020,225.0,258.0,16.0,53.0,4.0,17.0
27-12-2020,290.0,204.0,14.0,50.0,5.0,14.0
28-12-2020,259.0,179.0,13.0,41.0,6.0,19.0
29-12-2020,232.0,186.0,14.0,47.0,5.0,11.0
30-12-2020,201.0,165.0,17.0,48.0,3.0,8.0
31-12-2020,230.0,286.0,17.0,53.0,3.0,7.0
01-01-2021,298.0,451.0,10.0,46.0,4.0,1.0
02-01-2021,375.0,350.0,8.0,35.0,2.0,19.0
03-01-2021,355.0,285.0,9.0,32.0,1.0,18.0
01-07-2020,151.0,123.0,21.0,4.0,1.0,9.0
02-07-2020,165.0,123.0,20.0,6.0,1.0,9.0
03-07-2020,164.0,123.0,19.0,6.0,3.0,9.0
04-07-2020,149.0,123.0,19.0,6.0,3.0,9.0
05-07-2020,112.0,123.0,19.0,7.0,1.0,9.0
06-07-2020,370.0,123.0,19.0,3.0,1.0,9.0
07-07-2020,60.0,153.0,20.0,4.0,1.0,9.0
08-07-2020,102.0,123.0,19.0,4.0,3.0,9.0
09-07-2020,85.0,41.0,19.0,5.0,3.0,9.0
10-07-2020,109.0,71.0,20.0,2.0,3.0,9.0
11-07-2020,97.0,64.0,20.0,2.0,3.0,9.0
12-07-2020,97.0,70.0,19.0,5.0,3.0,9.0
13-07-2020,125.0,66.0,19.0,42.0,3.0,9.0
14-07-2020,94.0,69.0,19.0,15.0,3.0,9.0
15-07-2020,146.0,77.0,20.0,9.0,1.0,9.0
16-07-2020,128.0,212.0,20.0,13.0,1.0,9.0
17-07-2020,133.0,248.0,20.0,10.0,1.0,9.0
18-07-2020,136.0,99.0,19.0,7.0,1.0,9.0
19-07-2020,96.0,108.0,20.0,6.0,1.0,9.0
20-07-2020,77.0,103.0,20.0,6.0,1.0,9.0
21-07-2020,74.0,112.0,20.0,7.0,1.0,9.0
22-07-2020,77.0,53.0,13.0,10.0,1.0,9.0
23-07-2020,105.0,48.0,14.0,7.0,1.0,9.0
24-07-2020,100.0,52.0,16.0,5.0,1.0,9.0
25-07-2020,123.0,58.0,17.0,5.0,1.0,9.0
26-07-2020,128.0,60.0,16.0,7.0,1.0,9.0
27-07-2020,117.0,53.0,15.0,8.0,1.0,9.0
28-07-2020,97.0,114.0,18.0,8.0,3.0,9.0
29-07-2020,62.0,149.0,15.0,4.0,2.0,9.0
30-07-2020,94.0,80.0,15.0,4.0,2.0,9.0
31-07-2020,102.0,146.0,15.0,5.0,2.0,9.0
01-08-2020,90.0,79.0,19.0,4.0,2.0,9.0
02-08-2020,88.0,85.0,18.0,5.0,3.0,9.0
03-08-2020,112.0,114.0,17.0,5.0,2.0,9.0
04-08-2020,103.0,65.0,18.0,6.0,5.0,9.0
05-08-2020,73.0,62.0,16.0,9.0,2.0,9.0
06-08-2020,50.0,59.0,18.0,2.0,1.0,9.0
07-08-2020,83.0,75.0,14.0,2.0,2.0,9.0
08-08-2020,159.0,71.0,13.0,1.0,2.0,9.0
09-08-2020,143.0,68.0,15.0,1.0,2.0,17.0
10-08-2020,149.0,73.0,19.0,2.0,7.0,6.0
11-08-2020,122.0,61.0,19.0,7.0,1.0,6.0
12-08-2020,86.0,42.0,18.0,5.0,3.0,6.0
13-08-2020,53.0,52.0,17.0,6.0,3.0,5.0
14-08-2020,90.0,52.0,21.0,9.0,4.0,4.0
15-08-2020,82.0,48.0,22.0,5.0,3.0,4.0
16-08-2020,60.0,47.0,20.0,5.0,3.0,4.0
17-08-2020,67.0,54.0,19.0,6.0,3.0,4.0
18-08-2020,91.0,58.0,24.0,40.0,2.0,4.0
19-08-2020,68.0,58.0,19.0,12.0,2.0,4.0
20-08-2020,71.0,44.0,20.0,9.0,2.0,4.0
21-08-2020,58.0,50.0,19.0,6.0,2.0,4.0
22-08-2020,78.0,49.0,15.0,6.0,2.0,4.0
23-08-2020,70.0,40.0,31.0,7.0,2.0,4.0
24-08-2020,78.0,61.0,17.0,11.0,2.0,5.0
25-08-2020,99.0,62.0,17.0,12.0,4.0,6.0
26-08-2020,73.0,50.0,18.0,7.0,3.0,1.0
27-08-2020,82.0,55.0,23.0,5.0,1.0,2.0
28-08-2020,102.0,58.0,19.0,4.0,1.0,4.0
29-08-2020,125.0,49.0,25.0,4.0,1.0,4.0
30-08-2020,97.0,67.0,22.0,3.0,1.0,4.0
31-08-2020,135.0,75.0,20.0,14.0,1.0,4.0
01-09-2020,134.0,68.0,24.0,17.0,1.0,4.0
02-09-2020,130.0,60.0,21.0,16.0,1.0,4.0
03-09-2020,150.0,66.0,22.0,19.0,1.0,4.0
04-09-2020,126.0,72.0,21.0,19.0,1.0,5.0
05-09-2020,162.0,66.0,22.0,13.0,3.0,6.0
06-09-2020,139.0,66.0,22.0,18.0,1.0,6.0
07-09-2020,144.0,76.0,20.0,22.0,1.0,6.0
08-09-2020,149.0,73.0,18.0,18.0,1.0,6.0
09-09-2020,156.0,69.0,26.0,19.0,3.0,6.0
10-09-2020,160.0,74.0,21.0,17.0,1.0,6.0
11-09-2020,170.0,61.0,22.0,14.0,1.0,6.0
12-09-2020,107.0,64.0,30.0,16.0,1.0,6.0
13-09-2020,120.0,70.0,24.0,16.0,1.0,6.0
14-09-2020,146.0,80.0,24.0,19.0,1.0,6.0
15-09-2020,180.0,80.0,22.0,17.0,1.0,6.0
16-09-2020,162.0,111.0,28.0,22.0,3.0,6.0
17-09-2020,167.0,90.0,33.0,15.0,1.0,6.0
18-09-2020,174.0,71.0,23.0,13.0,1.0,6.0
19-09-2020,163.0,60.0,25.0,15.0,1.0,6.0
20-09-2020,142.0,77.0,22.0,17.0,3.0,6.0
21-09-2020,148.0,57.0,23.0,12.0,1.0,6.0
22-09-2020,80.0,66.0,22.0,14.0,1.0,6.0
23-09-2020,58.0,71.0,21.0,14.0,1.0,6.0
24-09-2020,35.0,61.0,22.0,18.0,1.0,6.0
25-09-2020,99.0,103.0,23.0,25.0,1.0,6.0
26-09-2020,160.0,117.0,30.0,23.0,1.0,6.0
27-09-2020,193.0,117.0,20.0,30.0,1.0,6.0
28-09-2020,194.0,128.0,12.0,27.0,1.0,6.0
29-09-2020,191.0,131.0,17.0,15.0,1.0,6.0
30-09-2020,196.0,121.0,13.0,6.0,1.0,4.0
01-04-2020,152.0,123.0,16.0,7.0,1.0,9.0
02-04-2020,146.0,123.0,18.0,6.0,1.0,9.0
03-04-2020,139.0,123.0,16.0,6.0,1.0,9.0
04-04-2020,136.0,123.0,16.0,6.0,1.0,9.0
05-04-2020,152.0,123.0,16.0,7.0,1.0,9.0
06-04-2020,148.0,123.0,15.0,8.0,1.0,9.0
07-04-2020,135.0,123.0,18.0,7.0,1.0,9.0
08-04-2020,137.0,123.0,21.0,6.0,2.0,9.0
09-04-2020,158.0,123.0,24.0,7.0,2.0,9.0
10-04-2020,134.0,123.0,20.0,7.0,2.0,9.0
11-04-2020,150.0,123.0,18.0,6.0,1.0,9.0
12-04-2020,138.0,123.0,7.0,9.0,2.0,9.0
13-04-2020,115.0,123.0,8.0,7.0,2.0,5.0
14-04-2020,175.0,123.0,9.0,7.0,2.0,5.0
15-04-2020,174.0,123.0,7.0,7.0,1.0,5.0
16-04-2020,178.0,123.0,3.0,7.0,2.0,7.0
17-04-2020,186.0,123.0,4.0,7.0,2.0,9.0
18-04-2020,128.0,123.0,4.0,7.0,2.0,9.0
19-04-2020,125.0,123.0,6.0,7.0,2.0,9.0
20-04-2020,108.0,123.0,8.0,7.0,1.0,9.0
21-04-2020,84.0,123.0,9.0,7.0,1.0,9.0
22-04-2020,122.0,123.0,11.0,7.0,2.0,9.0
23-04-2020,164.0,123.0,10.0,7.0,2.0,9.0
24-04-2020,154.0,123.0,11.0,7.0,1.0,9.0
25-04-2020,159.0,123.0,12.0,7.0,1.0,9.0
26-04-2020,121.0,123.0,11.0,7.0,1.0,9.0
27-04-2020,79.0,123.0,13.0,7.0,1.0,9.0
28-04-2020,129.0,123.0,7.0,7.0,1.0,9.0
29-04-2020,114.0,123.0,16.0,7.0,1.0,9.0
30-04-2020,136.0,123.0,11.0,7.0,1.0,9.0
01-05-2020,103.0,123.0,16.0,7.0,1.0,9.0
02-05-2020,102.0,123.0,11.0,7.0,1.0,9.0
03-05-2020,111.0,123.0,7.0,7.0,1.0,9.0
04-05-2020,134.0,123.0,6.0,7.0,1.0,9.0
05-05-2020,89.0,123.0,9.0,7.0,1.0,9.0
06-05-2020,81.0,123.0,20.0,35.0,1.0,9.0
07-05-2020,104.0,123.0,15.0,19.0,1.0,10.0
08-05-2020,154.0,123.0,17.0,8.0,1.0,9.0
09-05-2020,162.0,123.0,24.0,7.0,1.0,9.0
10-05-2020,174.0,123.0,15.0,5.0,1.0,9.0
11-05-2020,201.0,123.0,17.0,4.0,1.0,9.0
12-05-2020,182.0,123.0,15.0,7.0,1.0,9.0
13-05-2020,162.0,123.0,3.0,6.0,1.0,9.0
14-05-2020,161.0,123.0,4.0,8.0,1.0,9.0
15-05-2020,176.0,123.0,6.0,14.0,1.0,9.0
16-05-2020,135.0,123.0,7.0,13.0,2.0,9.0
17-05-2020,160.0,123.0,19.0,9.0,3.0,9.0
18-05-2020,165.0,123.0,7.0,11.0,2.0,9.0
19-05-2020,167.0,123.0,5.0,5.0,1.0,9.0
20-05-2020,170.0,123.0,9.0,6.0,2.0,9.0
21-05-2020,161.0,123.0,6.0,3.0,2.0,9.0
22-05-2020,184.0,123.0,4.0,18.0,3.0,9.0
23-05-2020,162.0,123.0,3.0,5.0,1.0,9.0
24-05-2020,178.0,123.0,4.0,5.0,1.0,9.0
25-05-2020,175.0,123.0,12.0,10.0,2.0,9.0
26-05-2020,174.0,123.0,10.0,1.0,1.0,9.0
27-05-2020,237.0,123.0,6.0,18.0,3.0,9.0
28-05-2020,118.0,123.0,5.0,18.0,3.0,9.0
29-05-2020,129.0,123.0,5.0,1.0,3.0,9.0
30-05-2020,116.0,123.0,3.0,18.0,1.0,9.0
31-05-2020,99.0,123.0,7.0,8.0,1.0,9.0
01-06-2020,151.0,123.0,11.0,10.0,1.0,9.0
02-06-2020,146.0,123.0,8.0,9.0,1.0,9.0
03-06-2020,152.0,123.0,14.0,7.0,1.0,9.0
04-06-2020,144.0,123.0,10.0,6.0,1.0,9.0
05-06-2020,93.0,123.0,3.0,15.0,3.0,9.0
06-06-2020,82.0,123.0,4.0,8.0,3.0,9.0
07-06-2020,104.0,123.0,4.0,10.0,2.0,9.0
08-06-2020,147.0,123.0,19.0,14.0,2.0,9.0
09-06-2020,171.0,123.0,19.0,10.0,2.0,9.0
10-06-2020,177.0,123.0,17.0,12.0,2.0,9.0
11-06-2020,169.0,123.0,16.0,11.0,3.0,9.0
12-06-2020,166.0,123.0,17.0,11.0,2.0,9.0
13-06-2020,155.0,123.0,16.0,9.0,3.0,9.0
14-06-2020,129.0,123.0,17.0,12.0,3.0,9.0
15-06-2020,137.0,123.0,16.0,9.0,3.0,9.0
16-06-2020,92.0,123.0,17.0,11.0,3.0,9.0
17-06-2020,109.0,123.0,19.0,6.0,2.0,9.0
18-06-2020,100.0,123.0,18.0,3.0,1.0,9.0
19-06-2020,114.0,123.0,20.0,4.0,1.0,9.0
20-06-2020,88.0,123.0,19.0,3.0,1.0,9.0
21-06-2020,90.0,123.0,18.0,3.0,1.0,9.0
22-06-2020,87.0,123.0,20.0,4.0,1.0,9.0
23-06-2020,103.0,123.0,19.0,4.0,1.0,9.0
24-06-2020,131.0,123.0,19.0,4.0,1.0,9.0
25-06-2020,152.0,123.0,19.0,5.0,1.0,9.0
26-06-2020,122.0,123.0,19.0,7.0,1.0,9.0
27-06-2020,114.0,123.0,19.0,5.0,1.0,9.0
28-06-2020,113.0,123.0,19.0,4.0,1.0,9.0
29-06-2020,91.0,123.0,20.0,2.0,1.0,9.0
30-06-2020,110.0,123.0,20.0,4.0,1.0,9.0
01-01-2020,348.0,123.0,16.0,24.0,9.0,31.0
02-01-2020,217.0,123.0,17.0,14.0,3.0,18.0
03-01-2020,142.0,123.0,19.0,16.0,4.0,24.0
04-01-2020,173.0,123.0,22.0,13.0,4.0,14.0
05-01-2020,177.0,123.0,18.0,14.0,6.0,32.0
06-01-2020,179.0,123.0,15.0,10.0,4.0,21.0
07-01-2020,182.0,123.0,23.0,7.0,4.0,16.0
08-01-2020,179.0,123.0,15.0,5.0,3.0,13.0
09-01-2020,124.0,123.0,18.0,12.0,2.0,17.0
10-01-2020,204.0,123.0,18.0,24.0,3.0,17.0
11-01-2020,252.0,123.0,18.0,26.0,5.0,17.0
12-01-2020,322.0,123.0,17.0,19.0,2.0,17.0
13-01-2020,271.0,123.0,16.0,25.0,3.0,30.0
14-01-2020,214.0,123.0,15.0,29.0,2.0,32.0
15-01-2020,234.0,123.0,15.0,15.0,1.0,24.0
16-01-2020,175.0,123.0,15.0,13.0,4.0,32.0
17-01-2020,138.0,123.0,16.0,12.0,3.0,27.0
18-01-2020,186.0,123.0,2.0,13.0,1.0,26.0
19-01-2020,171.0,123.0,17.0,13.0,1.0,24.0
20-01-2020,206.0,123.0,17.0,23.0,3.0,16.0
21-01-2020,238.0,123.0,18.0,22.0,3.0,25.0
22-01-2020,250.0,123.0,18.0,15.0,1.0,5.0
23-01-2020,189.0,123.0,21.0,19.0,3.0,23.0
24-01-2020,193.0,123.0,22.0,27.0,3.0,24.0
25-01-2020,234.0,123.0,17.0,20.0,2.0,37.0
26-01-2020,215.0,123.0,16.0,23.0,1.0,28.0
27-01-2020,202.0,123.0,25.0,21.0,1.0,22.0
28-01-2020,221.0,123.0,26.0,11.0,3.0,14.0
29-01-2020,188.0,123.0,24.0,13.0,4.0,18.0
30-01-2020,143.0,123.0,23.0,20.0,2.0,23.0
31-01-2020,191.0,123.0,18.0,21.0,1.0,14.0
01-02-2020,209.0,123.0,18.0,19.0,2.0,11.0
02-02-2020,207.0,123.0,19.0,24.0,2.0,23.0
03-02-2020,212.0,123.0,20.0,34.0,2.0,33.0
04-02-2020,242.0,123.0,18.0,20.0,1.0,13.0
05-02-2020,196.0,123.0,21.0,14.0,3.0,30.0
06-02-2020,200.0,123.0,20.0,20.0,1.0,21.0
07-02-2020,221.0,123.0,18.0,22.0,2.0,17.0
08-02-2020,214.0,123.0,20.0,26.0,2.0,17.0
09-02-2020,221.0,123.0,18.0,28.0,2.0,14.0
10-02-2020,219.0,123.0,19.0,26.0,2.0,18.0
11-02-2020,219.0,123.0,24.0,24.0,2.0,10.0
12-02-2020,214.0,123.0,19.0,19.0,3.0,8.0
13-02-2020,203.0,123.0,19.0,14.0,2.0,14.0
14-02-2020,180.0,123.0,16.0,17.0,3.0,24.0
15-02-2020,185.0,123.0,19.0,25.0,3.0,14.0
16-02-2020,215.0,123.0,18.0,23.0,2.0,10.0
17-02-2020,239.0,123.0,20.0,20.0,2.0,6.0
18-02-2020,186.0,123.0,21.0,36.0,4.0,9.0
19-02-2020,200.0,123.0,20.0,15.0,2.0,25.0
20-02-2020,176.0,123.0,20.0,9.0,1.0,9.0
21-02-2020,163.0,123.0,16.0,15.0,2.0,10.0
22-02-2020,125.0,123.0,18.0,20.0,3.0,10.0
23-02-2020,234.0,123.0,17.0,21.0,2.0,13.0
24-02-2020,190.0,123.0,18.0,9.0,1.0,13.0
25-02-2020,125.0,123.0,18.0,18.0,1.0,13.0
26-02-2020,148.0,123.0,17.0,20.0,1.0,13.0
27-02-2020,157.0,123.0,18.0,20.0,2.0,13.0
28-02-2020,168.0,123.0,19.0,18.0,1.0,13.0
29-02-2020,174.0,123.0,19.0,17.0,1.0,13.0
01-03-2020,187.0,123.0,19.0,19.0,1.0,11.0
02-03-2020,155.0,123.0,15.0,30.0,3.0,9.0
03-03-2020,194.0,123.0,21.0,21.0,2.0,9.0
04-03-2020,181.0,123.0,18.0,15.0,1.0,9.0
05-03-2020,166.0,123.0,18.0,10.0,1.0,9.0
06-03-2020,129.0,123.0,36.0,10.0,2.0,9.0
07-03-2020,90.0,123.0,26.0,10.0,3.0,9.0
08-03-2020,198.0,123.0,15.0,14.0,1.0,9.0
09-03-2020,150.0,123.0,3.0,13.0,2.0,9.0
10-03-2020,197.0,123.0,7.0,13.0,1.0,9.0
11-03-2020,154.0,123.0,39.0,22.0,2.0,9.0
12-03-2020,161.0,123.0,18.0,11.0,1.0,9.0
13-03-2020,118.0,123.0,13.0,9.0,1.0,9.0
14-03-2020,157.0,123.0,16.0,10.0,1.0,9.0
15-03-2020,141.0,123.0,13.0,7.0,1.0,9.0
16-03-2020,139.0,123.0,6.0,4.0,1.0,9.0
17-03-2020,169.0,123.0,6.0,18.0,2.0,9.0
18-03-2020,173.0,123.0,19.0,8.0,2.0,9.0
19-03-2020,280.0,123.0,21.0,5.0,2.0,9.0
20-03-2020,197.0,123.0,17.0,6.0,1.0,9.0
21-03-2020,153.0,123.0,19.0,9.0,1.0,9.0
22-03-2020,138.0,123.0,19.0,6.0,1.0,9.0
23-03-2020,165.0,123.0,19.0,6.0,1.0,9.0
24-03-2020,180.0,123.0,18.0,6.0,1.0,9.0
25-03-2020,166.0,123.0,17.0,6.0,1.0,9.0
26-03-2020,138.0,123.0,12.0,5.0,1.0,9.0
27-03-2020,144.0,123.0,16.0,6.0,1.0,9.0
28-03-2020,119.0,123.0,17.0,5.0,1.0,9.0
29-03-2020,115.0,123.0,17.0,5.0,1.0,9.0
30-03-2020,125.0,123.0,17.0,4.0,1.0,9.0
31-03-2020,137.0,123.0,17.0,14.0,1.0,9.0
01-10-2019,85.0,123.0,12.0,8.0,3.0,11.0
02-10-2019,93.0,123.0,7.0,8.0,1.0,18.0
03-10-2019,100.0,123.0,8.0,8.0,3.0,15.0
04-10-2019,104.0,123.0,9.0,8.0,3.0,13.0
05-10-2019,139.0,123.0,13.0,8.0,3.0,10.0
06-10-2019,151.0,123.0,9.0,8.0,3.0,9.0
07-10-2019,167.0,123.0,10.0,8.0,1.0,11.0
08-10-2019,162.0,123.0,8.0,7.0,3.0,18.0
09-10-2019,170.0,123.0,11.0,8.0,1.0,17.0
10-10-2019,138.0,123.0,9.0,8.0,1.0,15.0
11-10-2019,144.0,123.0,10.0,8.0,1.0,13.0
12-10-2019,125.0,123.0,15.0,8.0,3.0,11.0
13-10-2019,133.0,123.0,13.0,7.0,1.0,12.0
14-10-2019,136.0,123.0,11.0,7.0,1.0,13.0
15-10-2019,128.0,123.0,23.0,7.0,3.0,15.0
16-10-2019,144.0,123.0,28.0,6.0,1.0,15.0
17-10-2019,173.0,123.0,10.0,8.0,1.0,17.0
18-10-2019,173.0,123.0,8.0,10.0,3.0,18.0
19-10-2019,173.0,123.0,13.0,10.0,2.0,21.0
20-10-2019,199.0,123.0,19.0,10.0,1.0,17.0
21-10-2019,184.0,123.0,11.0,8.0,3.0,13.0
22-10-2019,217.0,123.0,14.0,6.0,2.0,10.0
23-10-2019,220.0,123.0,15.0,6.0,1.0,13.0
24-10-2019,200.0,123.0,20.0,12.0,2.0,13.0
25-10-2019,180.0,123.0,12.0,20.0,3.0,12.0
26-10-2019,152.0,123.0,12.0,42.0,1.0,9.0
27-10-2019,178.0,123.0,10.0,37.0,2.0,17.0
28-10-2019,218.0,123.0,7.0,34.0,1.0,18.0
29-10-2019,213.0,123.0,7.0,33.0,1.0,19.0
30-10-2019,195.0,123.0,8.0,29.0,2.0,18.0
31-10-2019,247.0,123.0,9.0,16.0,3.0,24.0
01-11-2019,324.0,123.0,15.0,14.0,3.0,22.0
02-11-2019,352.0,123.0,11.0,18.0,3.0,19.0
03-11-2019,300.0,123.0,15.0,10.0,1.0,18.0
04-11-2019,458.0,123.0,21.0,8.0,2.0,12.0
05-11-2019,285.0,123.0,18.0,8.0,3.0,12.0
06-11-2019,256.0,123.0,18.0,8.0,3.0,22.0
07-11-2019,211.0,123.0,20.0,8.0,7.0,24.0
08-11-2019,261.0,123.0,23.0,7.0,5.0,21.0
09-11-2019,228.0,123.0,15.0,6.0,3.0,35.0
10-11-2019,191.0,123.0,22.0,5.0,2.0,44.0
11-11-2019,205.0,123.0,28.0,4.0,2.0,32.0
12-11-2019,222.0,123.0,22.0,3.0,4.0,33.0
13-11-2019,252.0,123.0,22.0,6.0,4.0,18.0
14-11-2019,223.0,123.0,21.0,6.0,3.0,24.0
15-11-2019,222.0,123.0,18.0,6.0,4.0,24.0
16-11-2019,209.0,123.0,18.0,6.0,1.0,12.0
17-11-2019,192.0,123.0,17.0,18.0,2.0,28.0
18-11-2019,182.0,123.0,13.0,33.0,1.0,26.0
19-11-2019,206.0,123.0,22.0,21.0,2.0,23.0
20-11-2019,228.0,123.0,23.0,5.0,3.0,15.0
21-11-2019,244.0,123.0,19.0,5.0,2.0,9.0
22-11-2019,198.0,123.0,12.0,8.0,1.0,13.0
23-11-2019,230.0,123.0,18.0,3.0,3.0,4.0
24-11-2019,196.0,123.0,11.0,17.0,2.0,9.0
25-11-2019,228.0,123.0,18.0,6.0,4.0,27.0
26-11-2019,313.0,123.0,20.0,8.0,1.0,20.0
27-11-2019,303.0,123.0,30.0,11.0,1.0,15.0
28-11-2019,310.0,123.0,23.0,13.0,3.0,15.0
29-11-2019,158.0,123.0,24.0,14.0,2.0,15.0
30-11-2019,174.0,123.0,31.0,13.0,2.0,16.0
01-12-2019,170.0,123.0,32.0,14.0,2.0,26.0
02-12-2019,188.0,123.0,36.0,16.0,2.0,34.0
03-12-2019,181.0,123.0,43.0,23.0,4.0,38.0
04-12-2019,224.0,123.0,46.0,29.0,6.0,13.0
05-12-2019,241.0,123.0,31.0,21.0,5.0,11.0
06-12-2019,238.0,123.0,21.0,20.0,5.0,9.0
07-12-2019,215.0,123.0,24.0,18.0,3.0,9.0
08-12-2019,259.0,123.0,31.0,19.0,3.0,15.0
09-12-2019,189.0,123.0,12.0,20.0,5.0,25.0
10-12-2019,231.0,123.0,16.0,25.0,3.0,23.0
11-12-2019,253.0,123.0,11.0,18.0,1.0,16.0
12-12-2019,239.0,123.0,7.0,6.0,1.0,5.0
13-12-2019,182.0,123.0,9.0,8.0,2.0,8.0
14-12-2019,125.0,123.0,9.0,9.0,1.0,11.0
15-12-2019,145.0,123.0,10.0,9.0,1.0,25.0
16-12-2019,138.0,123.0,8.0,5.0,1.0,26.0
17-12-2019,168.0,123.0,7.0,8.0,1.0,29.0
18-12-2019,161.0,123.0,5.0,15.0,1.0,13.0
19-12-2019,208.0,123.0,8.0,25.0,2.0,21.0
20-12-2019,265.0,123.0,8.0,34.0,2.0,20.0
21-12-2019,332.0,123.0,8.0,24.0,1.0,15.0
22-12-2019,272.0,123.0,8.0,8.0,1.0,16.0
23-12-2019,214.0,123.0,5.0,6.0,1.0,13.0
24-12-2019,227.0,123.0,6.0,5.0,2.0,13.0
25-12-2019,248.0,123.0,19.0,5.0,1.0,6.0
26-12-2019,210.0,123.0,19.0,14.0,2.0,15.0
27-12-2019,258.0,123.0,19.0,16.0,1.0,23.0
28-12-2019,263.0,123.0,19.0,14.0,1.0,16.0
29-12-2019,185.0,123.0,23.0,18.0,3.0,12.0
01-07-2019,143.0,123.0,21.0,9.0,2.0,9.0
02-07-2019,130.0,123.0,17.0,8.0,2.0,8.0
03-07-2019,68.0,123.0,20.0,9.0,2.0,8.0
04-07-2019,84.0,123.0,21.0,11.0,4.0,20.0
05-07-2019,110.0,123.0,12.0,13.0,2.0,17.0
06-07-2019,71.0,123.0,15.0,12.0,3.0,14.0
07-07-2019,58.0,123.0,17.0,12.0,2.0,11.0
08-07-2019,56.0,123.0,14.0,12.0,2.0,9.0
09-07-2019,52.0,123.0,10.0,14.0,3.0,12.0
10-07-2019,67.0,123.0,22.0,14.0,2.0,11.0
11-07-2019,72.0,123.0,10.0,14.0,5.0,20.0
12-07-2019,104.0,123.0,9.0,11.0,4.0,10.0
13-07-2019,144.0,123.0,15.0,11.0,4.0,8.0
14-07-2019,132.0,123.0,16.0,11.0,4.0,8.0
15-07-2019,138.0,123.0,12.0,11.0,5.0,10.0
16-07-2019,84.0,123.0,15.0,10.0,3.0,11.0
17-07-2019,100.0,123.0,16.0,13.0,3.0,9.0
18-07-2019,130.0,123.0,15.0,12.0,5.0,9.0
19-07-2019,149.0,123.0,17.0,11.0,4.0,8.0
20-07-2019,146.0,123.0,6.0,10.0,4.0,12.0
21-07-2019,109.0,123.0,16.0,10.0,4.0,13.0
22-07-2019,117.0,123.0,15.0,9.0,4.0,9.0
23-07-2019,124.0,123.0,17.0,11.0,3.0,8.0
24-07-2019,75.0,123.0,12.0,11.0,3.0,8.0
25-07-2019,61.0,123.0,13.0,9.0,3.0,6.0
26-07-2019,61.0,123.0,12.0,10.0,3.0,6.0
27-07-2019,77.0,123.0,11.0,9.0,3.0,9.0
28-07-2019,56.0,123.0,10.0,9.0,2.0,9.0
29-07-2019,66.0,123.0,9.0,12.0,3.0,7.0
30-07-2019,64.0,123.0,13.0,9.0,3.0,6.0
31-07-2019,96.0,123.0,16.0,9.0,3.0,7.0
01-08-2019,107.0,123.0,16.0,9.0,3.0,8.0
02-08-2019,106.0,123.0,17.0,9.0,4.0,8.0
03-08-2019,116.0,123.0,12.0,9.0,4.0,7.0
04-08-2019,93.0,123.0,20.0,10.0,3.0,10.0
05-08-2019,105.0,123.0,12.0,10.0,3.0,7.0
06-08-2019,77.0,123.0,19.0,12.0,2.0,17.0
07-08-2019,89.0,123.0,16.0,13.0,3.0,16.0
08-08-2019,82.0,123.0,12.0,14.0,3.0,16.0
09-08-2019,86.0,123.0,14.0,12.0,3.0,17.0
10-08-2019,113.0,123.0,12.0,12.0,3.0,16.0
11-08-2019,138.0,123.0,13.0,12.0,3.0,16.0
12-08-2019,100.0,123.0,13.0,12.0,2.0,13.0
13-08-2019,77.0,123.0,20.0,12.0,1.0,6.0
14-08-2019,72.0,123.0,20.0,12.0,1.0,6.0
15-08-2019,80.0,123.0,12.0,12.0,1.0,9.0
16-08-2019,62.0,123.0,14.0,12.0,1.0,9.0
17-08-2019,64.0,123.0,9.0,12.0,1.0,6.0
18-08-2019,76.0,123.0,10.0,13.0,1.0,8.0
19-08-2019,88.0,123.0,10.0,12.0,1.0,10.0
20-08-2019,86.0,123.0,9.0,12.0,1.0,8.0
21-08-2019,70.0,123.0,9.0,12.0,1.0,9.0
22-08-2019,86.0,123.0,16.0,11.0,1.0,10.0
23-08-2019,88.0,123.0,10.0,11.0,2.0,9.0
24-08-2019,80.0,123.0,14.0,12.0,2.0,5.0
25-08-2019,71.0,123.0,14.0,13.0,2.0,9.0
26-08-2019,82.0,123.0,12.0,11.0,2.0,9.0
27-08-2019,98.0,123.0,14.0,12.0,2.0,6.0
28-08-2019,89.0,123.0,13.0,10.0,1.0,10.0
29-08-2019,95.0,123.0,12.0,13.0,3.0,9.0
30-08-2019,100.0,123.0,12.0,15.0,3.0,17.0
31-08-2019,97.0,123.0,15.0,12.0,2.0,7.0
01-09-2019,121.0,123.0,18.0,8.0,3.0,8.0
02-09-2019,83.0,123.0,13.0,7.0,2.0,6.0
03-09-2019,99.0,123.0,21.0,12.0,3.0,6.0
04-09-2019,94.0,123.0,20.0,7.0,3.0,7.0
05-09-2019,91.0,123.0,16.0,4.0,2.0,7.0
06-09-2019,101.0,123.0,12.0,4.0,2.0,8.0
07-09-2019,82.0,123.0,14.0,4.0,2.0,7.0
08-09-2019,69.0,123.0,14.0,4.0,3.0,6.0
09-09-2019,89.0,123.0,21.0,4.0,2.0,13.0
10-09-2019,110.0,123.0,20.0,4.0,3.0,13.0
11-09-2019,132.0,123.0,12.0,4.0,1.0,13.0
12-09-2019,127.0,123.0,7.0,4.0,2.0,12.0
13-09-2019,55.0,123.0,12.0,4.0,2.0,12.0
14-09-2019,81.0,123.0,8.0,4.0,1.0,11.0
15-09-2019,86.0,123.0,9.0,4.0,2.0,14.0
16-09-2019,71.0,123.0,15.0,5.0,1.0,12.0
17-09-2019,97.0,123.0,14.0,7.0,2.0,11.0
18-09-2019,67.0,123.0,12.0,6.0,2.0,12.0
19-09-2019,54.0,123.0,8.0,7.0,1.0,10.0
20-09-2019,78.0,123.0,10.0,7.0,1.0,12.0
21-09-2019,95.0,123.0,12.0,8.0,2.0,12.0
22-09-2019,76.0,123.0,11.0,8.0,2.0,12.0
23-09-2019,84.0,123.0,7.0,8.0,2.0,13.0
24-09-2019,88.0,123.0,7.0,8.0,1.0,12.0
25-09-2019,84.0,123.0,8.0,7.0,3.0,15.0
26-09-2019,53.0,123.0,9.0,9.0,4.0,12.0
27-09-2019,36.0,123.0,8.0,9.0,3.0,15.0
28-09-2019,44.0,123.0,8.0,9.0,3.0,7.0
29-09-2019,28.0,123.0,8.0,9.0,3.0,8.0
30-09-2019,48.0,123.0,8.0,9.0,3.0,12.0
01-04-2019,160.0,123.0,22.0,79.0,5.0,11.0
02-04-2019,176.0,123.0,27.0,55.0,6.0,16.0
03-04-2019,196.0,123.0,30.0,56.0,2.0,14.0
04-04-2019,188.0,123.0,21.0,31.0,1.0,11.0
05-04-2019,181.0,123.0,15.0,31.0,1.0,9.0
06-04-2019,174.0,123.0,13.0,33.0,1.0,8.0
07-04-2019,131.0,123.0,19.0,34.0,1.0,10.0
08-04-2019,139.0,123.0,18.0,33.0,1.0,11.0
09-04-2019,166.0,123.0,18.0,33.0,1.0,11.0
10-04-2019,167.0,123.0,21.0,35.0,3.0,10.0
11-04-2019,172.0,123.0,16.0,35.0,1.0,14.0
12-04-2019,192.0,123.0,19.0,40.0,1.0,10.0
13-04-2019,188.0,123.0,21.0,37.0,1.0,8.0
14-04-2019,174.0,123.0,21.0,39.0,1.0,10.0
15-04-2019,173.0,123.0,15.0,35.0,1.0,9.0
16-04-2019,207.0,123.0,9.0,37.0,3.0,8.0
17-04-2019,110.0,123.0,24.0,35.0,3.0,8.0
18-04-2019,110.0,123.0,22.0,33.0,1.0,9.0
19-04-2019,137.0,123.0,26.0,34.0,1.0,12.0
20-04-2019,167.0,123.0,24.0,36.0,1.0,13.0
21-04-2019,174.0,123.0,32.0,36.0,2.0,12.0
22-04-2019,193.0,123.0,18.0,36.0,1.0,9.0
23-04-2019,188.0,123.0,23.0,36.0,1.0,10.0
24-04-2019,173.0,123.0,26.0,32.0,3.0,9.0
25-04-2019,186.0,123.0,19.0,29.0,4.0,17.0
26-04-2019,98.0,123.0,15.0,31.0,3.0,8.0
27-04-2019,220.0,123.0,16.0,32.0,4.0,10.0
28-04-2019,272.0,123.0,18.0,34.0,4.0,12.0
29-04-2019,258.0,123.0,29.0,35.0,6.0,13.0
30-04-2019,217.0,123.0,8.0,32.0,2.0,16.0
01-05-2019,198.0,123.0,7.0,33.0,1.0,13.0
02-05-2019,145.0,123.0,9.0,30.0,2.0,7.0
03-05-2019,106.0,123.0,17.0,29.0,1.0,7.0
04-05-2019,167.0,123.0,35.0,32.0,2.0,10.0
05-05-2019,138.0,123.0,39.0,34.0,1.0,6.0
06-05-2019,109.0,123.0,40.0,35.0,2.0,9.0
07-05-2019,122.0,123.0,35.0,36.0,2.0,9.0
08-05-2019,164.0,123.0,35.0,34.0,2.0,7.0
09-05-2019,179.0,123.0,32.0,31.0,4.0,9.0
10-05-2019,161.0,123.0,32.0,30.0,5.0,11.0
11-05-2019,162.0,123.0,44.0,27.0,2.0,7.0
12-05-2019,147.0,123.0,36.0,29.0,1.0,7.0
13-05-2019,138.0,123.0,36.0,20.0,1.0,5.0
14-05-2019,154.0,123.0,45.0,13.0,2.0,7.0
15-05-2019,162.0,123.0,37.0,13.0,1.0,6.0
16-05-2019,168.0,123.0,38.0,13.0,1.0,5.0
17-05-2019,171.0,123.0,25.0,13.0,1.0,5.0
18-05-2019,161.0,123.0,39.0,13.0,1.0,5.0
19-05-2019,163.0,123.0,44.0,13.0,1.0,5.0
20-05-2019,172.0,123.0,46.0,14.0,3.0,5.0
21-05-2019,178.0,123.0,34.0,9.0,3.0,7.0
22-05-2019,171.0,123.0,35.0,15.0,2.0,3.0
23-05-2019,151.0,123.0,18.0,13.0,3.0,5.0
24-05-2019,154.0,123.0,27.0,13.0,1.0,11.0
25-05-2019,156.0,123.0,35.0,13.0,3.0,9.0
26-05-2019,156.0,123.0,35.0,13.0,1.0,7.0
27-05-2019,163.0,123.0,39.0,9.0,2.0,10.0
28-05-2019,164.0,123.0,53.0,3.0,2.0,9.0
29-05-2019,175.0,123.0,42.0,3.0,1.0,6.0
30-05-2019,191.0,123.0,36.0,3.0,3.0,5.0
31-05-2019,193.0,123.0,31.0,3.0,1.0,7.0
01-06-2019,163.0,123.0,30.0,3.0,1.0,14.0
02-06-2019,166.0,123.0,28.0,3.0,1.0,10.0
03-06-2019,160.0,123.0,26.0,3.0,1.0,4.0
04-06-2019,157.0,123.0,35.0,3.0,1.0,4.0
05-06-2019,164.0,123.0,29.0,3.0,1.0,4.0
06-06-2019,162.0,123.0,26.0,3.0,1.0,4.0
07-06-2019,99.0,123.0,25.0,3.0,1.0,4.0
08-06-2019,135.0,123.0,29.0,3.0,1.0,4.0
09-06-2019,158.0,123.0,27.0,3.0,1.0,4.0
10-06-2019,161.0,123.0,35.0,3.0,1.0,4.0
11-06-2019,153.0,123.0,33.0,3.0,1.0,4.0
12-06-2019,135.0,123.0,28.0,3.0,1.0,4.0
13-06-2019,166.0,123.0,18.0,5.0,1.0,4.0
14-06-2019,158.0,123.0,36.0,11.0,1.0,4.0
15-06-2019,171.0,123.0,24.0,7.0,1.0,4.0
16-06-2019,167.0,123.0,22.0,7.0,1.0,4.0
17-06-2019,143.0,123.0,23.0,7.0,1.0,5.0
18-06-2019,146.0,123.0,16.0,7.0,1.0,5.0
19-06-2019,137.0,123.0,29.0,7.0,3.0,5.0
20-06-2019,113.0,123.0,20.0,6.0,1.0,8.0
21-06-2019,131.0,123.0,17.0,7.0,1.0,5.0
22-06-2019,129.0,123.0,19.0,7.0,3.0,2.0
23-06-2019,79.0,123.0,23.0,7.0,4.0,7.0
24-06-2019,126.0,123.0,25.0,8.0,3.0,7.0
25-06-2019,112.0,123.0,25.0,19.0,3.0,8.0
26-06-2019,118.0,123.0,26.0,16.0,3.0,8.0
27-06-2019,144.0,123.0,37.0,14.0,2.0,9.0
28-06-2019,162.0,123.0,31.0,16.0,2.0,9.0
29-06-2019,170.0,123.0,27.0,10.0,3.0,7.0
30-06-2019,154.0,123.0,37.0,10.0,2.0,8.0
01-01-2019,364.0,123.0,37.0,41.0,20.0,5.0
02-01-2019,397.0,123.0,36.0,34.0,8.0,11.0
03-01-2019,227.0,123.0,29.0,27.0,6.0,8.0
04-01-2019,251.0,123.0,37.0,31.0,8.0,14.0
05-01-2019,453.0,123.0,32.0,16.0,4.0,12.0
06-01-2019,190.0,123.0,27.0,18.0,6.0,15.0
07-01-2019,157.0,123.0,29.0,22.0,4.0,15.0
08-01-2019,183.0,123.0,32.0,20.0,5.0,12.0
09-01-2019,203.0,123.0,38.0,24.0,7.0,14.0
10-01-2019,184.0,123.0,29.0,35.0,8.0,15.0
11-01-2019,279.0,123.0,32.0,32.0,4.0,14.0
12-01-2019,281.0,123.0,36.0,35.0,5.0,12.0
13-01-2019,332.0,123.0,23.0,18.0,3.0,10.0
14-01-2019,193.0,123.0,24.0,23.0,4.0,10.0
15-01-2019,178.0,123.0,38.0,39.0,5.0,11.0
16-01-2019,248.0,123.0,22.0,33.0,5.0,10.0
17-01-2019,290.0,123.0,31.0,30.0,4.0,11.0
18-01-2019,241.0,123.0,32.0,31.0,5.0,11.0
19-01-2019,197.0,123.0,40.0,38.0,8.0,13.0
20-01-2019,262.0,123.0,36.0,28.0,4.0,11.0
21-01-2019,248.0,123.0,32.0,19.0,5.0,10.0
22-01-2019,247.0,123.0,23.0,16.0,4.0,11.0
23-01-2019,169.0,123.0,25.0,23.0,5.0,14.0
24-01-2019,169.0,123.0,8.0,18.0,4.0,12.0
25-01-2019,213.0,123.0,13.0,10.0,2.0,14.0
26-01-2019,102.0,123.0,23.0,17.0,3.0,12.0
27-01-2019,133.0,123.0,26.0,20.0,4.0,11.0
28-01-2019,151.0,123.0,31.0,20.0,4.0,12.0
29-01-2019,158.0,123.0,23.0,28.0,5.0,9.0
30-01-2019,185.0,123.0,13.0,33.0,6.0,7.0
31-01-2019,219.0,123.0,16.0,31.0,5.0,6.0
01-02-2019,199.0,123.0,16.0,27.0,4.0,5.0
02-02-2019,205.0,123.0,13.0,15.0,3.0,4.0
03-02-2019,172.0,123.0,11.0,22.0,5.0,15.0
04-02-2019,191.0,123.0,13.0,29.0,4.0,6.0
05-02-2019,225.0,123.0,4.0,27.0,4.0,7.0
06-02-2019,279.0,123.0,6.0,14.0,2.0,7.0
07-02-2019,162.0,123.0,10.0,19.0,4.0,6.0
08-02-2019,169.0,123.0,13.0,14.0,3.0,5.0
09-02-2019,173.0,123.0,14.0,14.0,3.0,5.0
10-02-2019,151.0,123.0,20.0,22.0,5.0,5.0
11-02-2019,180.0,123.0,18.0,30.0,5.0,8.0
12-02-2019,196.0,123.0,20.0,27.0,5.0,6.0
13-02-2019,236.0,123.0,9.0,20.0,5.0,5.0
14-02-2019,266.0,123.0,9.0,12.0,3.0,3.0
15-02-2019,163.0,123.0,11.0,9.0,3.0,3.0
16-02-2019,126.0,123.0,10.0,9.0,2.0,3.0
17-02-2019,161.0,123.0,14.0,18.0,4.0,4.0
18-02-2019,152.0,123.0,15.0,19.0,4.0,4.0
19-02-2019,170.0,123.0,12.0,25.0,4.0,4.0
20-02-2019,187.0,123.0,12.0,24.0,5.0,4.0
21-02-2019,147.0,123.0,17.0,16.0,4.0,3.0
22-02-2019,162.0,123.0,15.0,9.0,3.0,3.0
23-02-2019,139.0,123.0,15.0,43.0,4.0,4.0
24-02-2019,148.0,123.0,19.0,73.0,6.0,6.0
25-02-2019,155.0,123.0,18.0,55.0,3.0,3.0
26-02-2019,149.0,123.0,11.0,52.0,1.0,1.0
27-02-2019,148.0,123.0,23.0,18.0,3.0,12.0
01-03-2019,153.0,123.0,17.0,53.0,5.0,10.0
02-03-2019,183.0,123.0,9.0,22.0,4.0,11.0
03-03-2019,140.0,123.0,13.0,18.0,4.0,13.0
04-03-2019,148.0,123.0,13.0,27.0,3.0,10.0
05-03-2019,153.0,123.0,16.0,26.0,5.0,9.0
06-03-2019,126.0,123.0,21.0,23.0,5.0,12.0
07-03-2019,150.0,123.0,22.0,24.0,5.0,13.0
08-03-2019,167.0,123.0,20.0,31.0,6.0,10.0
09-03-2019,159.0,123.0,25.0,29.0,4.0,10.0
10-03-2019,147.0,123.0,19.0,29.0,6.0,13.0
11-03-2019,163.0,123.0,23.0,31.0,4.0,12.0
12-03-2019,167.0,123.0,16.0,31.0,5.0,9.0
13-03-2019,140.0,123.0,18.0,23.0,5.0,17.0
14-03-2019,171.0,123.0,17.0,20.0,3.0,7.0
15-03-2019,128.0,123.0,16.0,17.0,4.0,11.0
16-03-2019,133.0,123.0,19.0,15.0,5.0,12.0
17-03-2019,157.0,123.0,21.0,15.0,5.0,11.0
18-03-2019,173.0,123.0,19.0,15.0,7.0,14.0
19-03-2019,171.0,123.0,15.0,21.0,7.0,17.0
20-03-2019,182.0,123.0,17.0,22.0,4.0,14.0
21-03-2019,166.0,123.0,17.0,17.0,4.0,9.0
22-03-2019,144.0,123.0,21.0,9.0,4.0,9.0
23-03-2019,178.0,123.0,15.0,21.0,5.0,10.0
24-03-2019,159.0,123.0,28.0,48.0,6.0,11.0
25-03-2019,181.0,123.0,14.0,46.0,5.0,10.0
26-03-2019,152.0,123.0,19.0,44.0,6.0,8.0
27-03-2019,156.0,123.0,22.0,63.0,7.0,14.0
28-03-2019,180.0,123.0,25.0,101.0,8.0,15.0
29-03-2019,196.0,123.0,26.0,100.0,6.0,18.0
30-03-2019,202.0,123.0,18.0,100.0,4.0,9.0
31-03-2019,185.0,123.0,20.0,98.0,5.0,11.0
01-12-2018,232.0,123.0,16.0,46.0,7.0,16.0
02-12-2018,276.0,123.0,18.0,33.0,5.0,13.0
03-12-2018,252.0,123.0,16.0,41.0,7.0,15.0
04-12-2018,305.0,123.0,16.0,21.0,3.0,10.0
05-12-2018,263.0,123.0,6.0,66.0,6.0,41.0
06-12-2018,336.0,123.0,16.0,31.0,5.0,16.0
07-12-2018,245.0,123.0,16.0,35.0,3.0,16.0
08-12-2018,252.0,123.0,15.0,32.0,3.0,18.0
09-12-2018,226.0,123.0,14.0,38.0,6.0,41.0
10-12-2018,300.0,123.0,19.0,31.0,2.0,14.0
11-12-2018,260.0,123.0,23.0,18.0,3.0,12.0
15-12-2018,178.0,123.0,16.0,27.0,4.0,19.0
16-12-2018,177.0,123.0,20.0,34.0,4.0,22.0
17-12-2018,243.0,123.0,23.0,33.0,4.0,17.0
18-12-2018,234.0,123.0,31.0,33.0,4.0,15.0
19-12-2018,224.0,123.0,35.0,34.0,3.0,14.0
20-12-2018,268.0,123.0,40.0,33.0,5.0,14.0
21-12-2018,292.0,123.0,41.0,41.0,5.0,25.0
22-12-2018,312.0,123.0,37.0,34.0,5.0,21.0
23-12-2018,307.0,123.0,34.0,32.0,3.0,15.0
24-12-2018,233.0,123.0,30.0,29.0,5.0,12.0
25-12-2018,244.0,123.0,29.0,29.0,5.0,15.0
26-12-2018,254.0,123.0,34.0,27.0,9.0,12.0
27-12-2018,240.0,123.0,30.0,28.0,10.0,9.0
28-12-2018,242.0,123.0,35.0,26.0,18.0,5.0
29-12-2018,307.0,123.0,46.0,31.0,17.0,3.0
30-12-2018,364.0,123.0,23.0,18.0,3.0,12.0
01-04-2018,157.0,123.0,16.0,32.0,3.0,11.0
02-04-2018,176.0,123.0,21.0,43.0,4.0,11.0
03-04-2018,194.0,123.0,20.0,38.0,5.0,9.0
04-04-2018,187.0,123.0,15.0,26.0,3.0,8.0
05-04-2018,157.0,123.0,13.0,22.0,2.0,6.0
06-04-2018,166.0,123.0,16.0,20.0,2.0,6.0
07-04-2018,142.0,123.0,15.0,27.0,2.0,7.0
08-04-2018,164.0,123.0,15.0,25.0,2.0,7.0
09-04-2018,170.0,123.0,17.0,26.0,2.0,7.0
10-04-2018,144.0,123.0,14.0,26.0,2.0,7.0
11-04-2018,155.0,123.0,11.0,21.0,2.0,7.0
12-04-2018,111.0,123.0,17.0,26.0,3.0,10.0
13-04-2018,155.0,123.0,17.0,30.0,4.0,9.0
14-04-2018,162.0,123.0,18.0,33.0,4.0,9.0
15-04-2018,194.0,123.0,18.0,37.0,3.0,12.0
16-04-2018,178.0,123.0,23.0,39.0,4.0,12.0
17-04-2018,213.0,123.0,16.0,27.0,4.0,7.0
18-04-2018,191.0,123.0,17.0,27.0,5.0,8.0
19-04-2018,185.0,123.0,6.0,56.0,6.0,19.0
20-04-2018,222.0,123.0,23.0,18.0,3.0,12.0
01-01-2018,261.0,123.0,16.0,15.0,3.0,16.0
02-01-2018,152.0,123.0,12.0,15.0,2.0,16.0
03-01-2018,325.0,123.0,26.0,17.0,3.0,12.0
04-01-2018,336.0,123.0,12.0,18.0,2.0,13.0
05-01-2018,314.0,123.0,23.0,21.0,4.0,18.0
06-01-2018,252.0,123.0,16.0,23.0,3.0,16.0
07-01-2018,304.0,123.0,18.0,24.0,3.0,17.0
08-01-2018,358.0,123.0,14.0,16.0,3.0,18.0
09-01-2018,306.0,123.0,16.0,18.0,2.0,16.0
10-01-2018,301.0,123.0,15.0,21.0,3.0,15.0
11-01-2018,296.0,123.0,12.0,23.0,2.0,13.0
12-01-2018,327.0,123.0,18.0,34.0,8.0,26.0
13-01-2018,329.0,123.0,24.0,28.0,6.0,20.0
14-01-2018,286.0,123.0,24.0,27.0,4.0,18.0
15-01-2018,291.0,123.0,28.0,21.0,3.0,12.0
16-01-2018,245.0,123.0,19.0,21.0,3.0,16.0
17-01-2018,256.0,123.0,27.0,17.0,2.0,21.0
18-01-2018,302.0,123.0,21.0,14.0,3.0,22.0
19-01-2018,339.0,123.0,19.0,13.0,3.0,16.0
20-01-2018,264.0,123.0,33.0,10.0,3.0,11.0
21-01-2018,249.0,123.0,34.0,14.0,3.0,15.0
22-01-2018,283.0,123.0,20.0,13.0,4.0,24.0
23-01-2018,367.0,123.0,21.0,9.0,4.0,12.0
24-01-2018,202.0,123.0,11.0,7.0,3.0,9.0
25-01-2018,216.0,123.0,23.0,9.0,3.0,12.0
26-01-2018,250.0,123.0,20.0,9.0,3.0,11.0
27-01-2018,229.0,123.0,25.0,11.0,3.0,13.0
28-01-2018,273.0,123.0,11.0,10.0,2.0,10.0
29-01-2018,289.0,123.0,26.0,10.0,3.0,10.0
30-01-2018,219.0,123.0,28.0,7.0,3.0,8.0
31-01-2018,184.0,123.0,27.0,9.0,3.0,10.0
01-02-2018,200.0,123.0,26.0,13.0,3.0,15.0
02-02-2018,209.0,123.0,27.0,21.0,5.0,21.0
03-02-2018,296.0,123.0,38.0,18.0,3.0,8.0
04-02-2018,241.0,123.0,38.0,19.0,3.0,9.0
05-02-2018,193.0,123.0,20.0,16.0,4.0,6.0
06-02-2018,200.0,123.0,20.0,23.0,6.0,10.0
07-02-2018,175.0,123.0,36.0,21.0,6.0,9.0
08-02-2018,186.0,123.0,36.0,19.0,7.0,9.0
09-02-2018,180.0,123.0,34.0,23.0,6.0,9.0
10-02-2018,196.0,123.0,18.0,36.0,6.0,12.0
11-02-2018,208.0,123.0,20.0,15.0,4.0,8.0
12-02-2018,203.0,123.0,25.0,14.0,4.0,7.0
13-02-2018,162.0,123.0,30.0,13.0,3.0,9.0
14-02-2018,164.0,123.0,29.0,16.0,5.0,8.0
15-02-2018,164.0,123.0,33.0,17.0,5.0,7.0
16-02-2018,175.0,123.0,34.0,20.0,5.0,9.0
17-02-2018,183.0,123.0,37.0,24.0,4.0,10.0
18-02-2018,187.0,123.0,43.0,27.0,6.0,10.0
19-02-2018,189.0,123.0,44.0,24.0,8.0,10.0
20-02-2018,187.0,123.0,45.0,37.0,13.0,16.0
21-02-2018,222.0,123.0,38.0,35.0,10.0,14.0
22-02-2018,234.0,123.0,46.0,33.0,9.0,16.0
23-02-2018,234.0,123.0,36.0,26.0,7.0,13.0
24-02-2018,252.0,123.0,25.0,12.0,5.0,13.0
25-02-2018,240.0,123.0,30.0,11.0,6.0,10.0
26-02-2018,176.0,123.0,37.0,20.0,6.0,12.0
27-02-2018,172.0,123.0,39.0,20.0,5.0,12.0
28-02-2018,193.0,123.0,37.0,22.0,5.0,13.0
01-03-2018,196.0,123.0,41.0,15.0,5.0,9.0
02-03-2018,223.0,123.0,36.0,12.0,5.0,8.0
03-03-2018,178.0,123.0,39.0,20.0,4.0,6.0
04-03-2018,178.0,123.0,34.0,15.0,4.0,8.0
05-03-2018,164.0,123.0,38.0,14.0,5.0,7.0
06-03-2018,161.0,123.0,29.0,13.0,5.0,6.0
07-03-2018,167.0,123.0,23.0,18.0,3.0,12.0
09-03-2018,175.0,123.0,33.0,20.0,6.0,6.0
10-03-2018,179.0,123.0,37.0,18.0,6.0,6.0
11-03-2018,172.0,123.0,40.0,23.0,6.0,7.0
12-03-2018,188.0,123.0,39.0,21.0,7.0,10.0
13-03-2018,184.0,123.0,56.0,37.0,7.0,13.0
14-03-2018,219.0,123.0,34.0,31.0,6.0,8.0
15-03-2018,212.0,123.0,40.0,15.0,4.0,6.0
16-03-2018,174.0,123.0,39.0,18.0,6.0,6.0
17-03-2018,179.0,123.0,42.0,15.0,5.0,7.0
18-03-2018,160.0,123.0,47.0,23.0,6.0,7.0
19-03-2018,182.0,123.0,37.0,21.0,6.0,8.0
20-03-2018,185.0,123.0,12.0,35.0,8.0,6.0
21-03-2018,222.0,123.0,37.0,23.0,5.0,9.0
22-03-2018,162.0,123.0,41.0,16.0,5.0,6.0
23-03-2018,174.0,123.0,47.0,22.0,6.0,6.0
24-03-2018,169.0,123.0,44.0,21.0,5.0,6.0
25-03-2018,164.0,123.0,45.0,24.0,7.0,7.0
26-03-2018,166.0,123.0,40.0,27.0,6.0,7.0
27-03-2018,178.0,123.0,49.0,42.0,9.0,12.0
28-03-2018,194.0,123.0,30.0,31.0,8.0,10.0
29-03-2018,194.0,123.0,23.0,35.0,7.0,7.0
30-03-2018,193.0,123.0,16.0,19.0,3.0,5.0
31-03-2018,144.0,123.0,15.0,24.0,3.0,8.0
01-10-2017,149.0,123.0,23.0,18.0,3.0,12.0
03-10-2017,138.0,123.0,11.0,10.0,1.0,8.0
04-10-2017,117.0,123.0,9.0,16.0,1.0,9.0
05-10-2017,141.0,123.0,12.0,20.0,1.0,10.0
06-10-2017,149.0,123.0,19.0,22.0,1.0,10.0
07-10-2017,159.0,123.0,39.0,15.0,1.0,9.0
08-10-2017,154.0,123.0,10.0,17.0,1.0,8.0
09-10-2017,152.0,123.0,11.0,19.0,1.0,8.0
10-10-2017,160.0,123.0,9.0,17.0,1.0,9.0
11-10-2017,121.0,123.0,10.0,27.0,1.0,11.0
12-10-2017,154.0,123.0,12.0,28.0,1.0,13.0
13-10-2017,208.0,123.0,22.0,24.0,1.0,10.0
14-10-2017,200.0,123.0,27.0,29.0,1.0,12.0
15-10-2017,189.0,123.0,41.0,30.0,1.0,11.0
16-10-2017,207.0,123.0,26.0,11.0,1.0,12.0
17-10-2017,194.0,123.0,20.0,17.0,1.0,12.0
18-10-2017,209.0,123.0,11.0,18.0,9.0,10.0
19-10-2017,206.0,123.0,10.0,18.0,8.0,11.0
20-10-2017,213.0,123.0,14.0,11.0,3.0,14.0
21-10-2017,182.0,123.0,34.0,35.0,7.0,24.0
22-10-2017,223.0,123.0,37.0,37.0,8.0,21.0
23-10-2017,198.0,123.0,31.0,36.0,6.0,20.0
24-10-2017,241.0,123.0,41.0,41.0,5.0,22.0
25-10-2017,232.0,123.0,28.0,41.0,5.0,24.0
26-10-2017,226.0,123.0,36.0,33.0,4.0,18.0
27-10-2017,220.0,123.0,32.0,36.0,3.0,17.0
28-10-2017,235.0,123.0,33.0,24.0,2.0,11.0
29-10-2017,234.0,123.0,30.0,24.0,2.0,12.0
30-10-2017,207.0,123.0,27.0,29.0,2.0,12.0
31-10-2017,207.0,123.0,25.0,24.0,2.0,11.0
01-11-2017,198.0,123.0,35.0,26.0,2.0,12.0
02-11-2017,217.0,123.0,37.0,28.0,2.0,12.0
03-11-2017,243.0,123.0,36.0,29.0,2.0,14.0
04-11-2017,245.0,123.0,40.0,25.0,2.0,16.0
05-11-2017,247.0,123.0,35.0,28.0,3.0,16.0
06-11-2017,265.0,123.0,40.0,32.0,3.0,15.0
07-11-2017,307.0,123.0,32.0,36.0,2.0,18.0
08-11-2017,390.0,123.0,31.0,38.0,2.0,21.0
09-11-2017,415.0,123.0,32.0,32.0,1.0,18.0
10-11-2017,410.0,123.0,37.0,26.0,2.0,14.0
11-11-2017,326.0,123.0,37.0,26.0,2.0,13.0
12-11-2017,314.0,123.0,43.0,45.0,4.0,22.0
13-11-2017,413.0,123.0,38.0,42.0,5.0,23.0
14-11-2017,401.0,123.0,32.0,37.0,4.0,18.0
15-11-2017,321.0,123.0,28.0,34.0,4.0,20.0
16-11-2017,279.0,123.0,35.0,31.0,2.0,16.0
17-11-2017,267.0,123.0,41.0,30.0,3.0,13.0
18-11-2017,273.0,123.0,21.0,27.0,2.0,14.0
19-11-2017,300.0,123.0,38.0,18.0,4.0,10.0
20-11-2017,236.0,123.0,44.0,22.0,4.0,12.0
21-11-2017,252.0,123.0,48.0,29.0,5.0,15.0
22-11-2017,257.0,123.0,44.0,30.0,5.0,16.0
23-11-2017,241.0,123.0,46.0,31.0,5.0,15.0
24-11-2017,225.0,123.0,52.0,38.0,7.0,17.0
25-11-2017,258.0,123.0,55.0,31.0,4.0,7.0
26-11-2017,257.0,123.0,48.0,31.0,6.0,10.0
27-11-2017,241.0,123.0,41.0,34.0,4.0,17.0
28-11-2017,266.0,123.0,45.0,47.0,6.0,30.0
29-11-2017,291.0,123.0,39.0,44.0,5.0,29.0
30-11-2017,339.0,123.0,28.0,44.0,5.0,43.0
01-12-2017,347.0,123.0,36.0,37.0,4.0,21.0
02-12-2017,285.0,123.0,32.0,38.0,3.0,22.0
03-12-2017,324.0,123.0,28.0,38.0,3.0,19.0
04-12-2017,276.0,123.0,30.0,25.0,2.0,13.0
05-12-2017,249.0,123.0,41.0,24.0,6.0,14.0
06-12-2017,294.0,123.0,26.0,20.0,5.0,10.0
07-12-2017,198.0,123.0,52.0,18.0,5.0,9.0
08-12-2017,186.0,123.0,23.0,18.0,3.0,12.0
11-12-2017,243.0,123.0,27.0,40.0,3.0,20.0
12-12-2017,277.0,123.0,28.0,26.0,2.0,11.0
13-12-2017,239.0,123.0,9.0,11.0,1.0,9.0
14-12-2017,221.0,123.0,23.0,18.0,3.0,12.0
16-12-2017,214.0,123.0,30.0,24.0,3.0,12.0
17-12-2017,222.0,123.0,26.0,30.0,3.0,14.0
18-12-2017,285.0,123.0,27.0,34.0,4.0,29.0
19-12-2017,369.0,123.0,23.0,33.0,4.0,60.0
20-12-2017,379.0,123.0,20.0,24.0,5.0,23.0
21-12-2017,317.0,123.0,22.0,24.0,3.0,16.0
22-12-2017,287.0,123.0,26.0,24.0,3.0,13.0
23-12-2017,238.0,123.0,23.0,24.0,2.0,17.0
24-12-2017,306.0,123.0,14.0,19.0,2.0,20.0
25-12-2017,317.0,123.0,27.0,13.0,4.0,21.0
26-12-2017,295.0,123.0,25.0,12.0,4.0,22.0
27-12-2017,360.0,123.0,20.0,11.0,4.0,30.0
28-12-2017,397.0,123.0,7.0,11.0,1.0,22.0
29-12-2017,307.0,123.0,6.0,21.0,2.0,17.0
30-12-2017,245.0,123.0,5.0,26.0,2.0,18.0
31-12-2017,348.0,123.0,12.0,18.0,2.0,11.0
01-07-2017,117.0,123.0,8.0,9.0,1.0,9.0
02-07-2017,120.0,123.0,17.0,9.0,2.0,7.0
03-07-2017,111.0,123.0,6.0,6.0,1.0,6.0
04-07-2017,118.0,123.0,23.0,18.0,3.0,12.0
06-07-2017,95.0,123.0,5.0,8.0,1.0,8.0
07-07-2017,65.0,123.0,7.0,8.0,1.0,8.0
08-07-2017,54.0,123.0,6.0,7.0,1.0,8.0
09-07-2017,49.0,123.0,4.0,9.0,1.0,8.0
10-07-2017,53.0,123.0,5.0,6.0,1.0,5.0
11-07-2017,50.0,123.0,4.0,8.0,1.0,6.0
12-07-2017,48.0,123.0,6.0,7.0,1.0,6.0
13-07-2017,69.0,123.0,5.0,8.0,1.0,8.0
14-07-2017,151.0,123.0,5.0,9.0,2.0,8.0
15-07-2017,146.0,123.0,4.0,8.0,1.0,9.0
16-07-2017,142.0,123.0,5.0,8.0,1.0,9.0
17-07-2017,114.0,123.0,6.0,9.0,1.0,8.0
18-07-2017,130.0,123.0,7.0,11.0,2.0,8.0
19-07-2017,103.0,123.0,5.0,7.0,1.0,7.0
20-07-2017,127.0,123.0,4.0,7.0,1.0,8.0
21-07-2017,158.0,123.0,4.0,7.0,3.0,8.0
22-07-2017,143.0,123.0,5.0,6.0,1.0,8.0
23-07-2017,129.0,123.0,4.0,9.0,1.0,7.0
24-07-2017,133.0,123.0,6.0,7.0,1.0,6.0
25-07-2017,121.0,123.0,6.0,7.0,2.0,6.0
26-07-2017,143.0,123.0,6.0,6.0,1.0,6.0
27-07-2017,137.0,123.0,7.0,7.0,2.0,7.0
28-07-2017,135.0,123.0,3.0,9.0,1.0,10.0
29-07-2017,122.0,123.0,7.0,8.0,3.0,9.0
30-07-2017,125.0,123.0,4.0,8.0,1.0,8.0
31-07-2017,88.0,123.0,3.0,8.0,1.0,7.0
01-08-2017,88.0,123.0,3.0,11.0,1.0,9.0
02-08-2017,86.0,123.0,3.0,10.0,1.0,7.0
03-08-2017,95.0,123.0,4.0,9.0,1.0,12.0
04-08-2017,118.0,123.0,3.0,11.0,2.0,10.0
05-08-2017,132.0,123.0,5.0,5.0,1.0,8.0
06-08-2017,102.0,123.0,4.0,6.0,1.0,8.0
07-08-2017,126.0,123.0,3.0,7.0,1.0,11.0
08-08-2017,88.0,123.0,2.0,9.0,2.0,9.0
09-08-2017,123.0,123.0,3.0,9.0,1.0,8.0
10-08-2017,188.0,123.0,3.0,12.0,2.0,9.0
11-08-2017,112.0,123.0,8.0,9.0,2.0,9.0
12-08-2017,105.0,123.0,5.0,8.0,1.0,7.0
13-08-2017,121.0,123.0,7.0,10.0,1.0,7.0
14-08-2017,174.0,123.0,6.0,8.0,1.0,7.0
15-08-2017,128.0,123.0,4.0,9.0,1.0,7.0
16-08-2017,106.0,123.0,9.0,26.0,3.0,32.0
18-08-2017,90.0,123.0,6.0,7.0,3.0,7.0
19-08-2017,114.0,123.0,4.0,6.0,3.0,8.0
20-08-2017,119.0,123.0,6.0,10.0,1.0,5.0
21-08-2017,133.0,123.0,14.0,10.0,1.0,7.0
22-08-2017,116.0,123.0,5.0,11.0,1.0,6.0
23-08-2017,133.0,123.0,8.0,8.0,1.0,8.0
24-08-2017,135.0,123.0,6.0,8.0,1.0,6.0
25-08-2017,137.0,123.0,6.0,10.0,1.0,8.0
26-08-2017,129.0,123.0,8.0,8.0,1.0,5.0
27-08-2017,55.0,123.0,12.0,7.0,1.0,7.0
28-08-2017,20.0,123.0,10.0,8.0,1.0,4.0
29-08-2017,73.0,123.0,16.0,8.0,1.0,5.0
30-08-2017,106.0,123.0,13.0,12.0,1.0,5.0
31-08-2017,108.0,123.0,10.0,9.0,1.0,5.0
01-09-2017,91.0,123.0,11.0,7.0,1.0,5.0
02-09-2017,86.0,123.0,10.0,7.0,1.0,4.0
03-09-2017,112.0,123.0,8.0,11.0,1.0,6.0
04-09-2017,102.0,123.0,9.0,11.0,1.0,6.0
05-09-2017,138.0,123.0,7.0,14.0,1.0,5.0
06-09-2017,138.0,123.0,23.0,18.0,3.0,12.0
11-09-2017,163.0,123.0,28.0,15.0,1.0,5.0
12-09-2017,157.0,123.0,27.0,17.0,1.0,5.0
13-09-2017,159.0,123.0,15.0,11.0,1.0,6.0
14-09-2017,161.0,123.0,17.0,16.0,1.0,6.0
15-09-2017,129.0,123.0,23.0,16.0,1.0,6.0
16-09-2017,127.0,123.0,20.0,16.0,1.0,6.0
17-09-2017,130.0,123.0,18.0,20.0,2.0,3.0
18-09-2017,123.0,123.0,18.0,13.0,1.0,9.0
19-09-2017,74.0,123.0,18.0,13.0,1.0,5.0
20-09-2017,104.0,123.0,14.0,14.0,27.0,5.0
21-09-2017,58.0,123.0,8.0,10.0,35.0,7.0
22-09-2017,66.0,123.0,9.0,9.0,2.0,6.0
23-09-2017,68.0,123.0,13.0,9.0,1.0,7.0
24-09-2017,96.0,123.0,14.0,8.0,1.0,6.0
25-09-2017,89.0,123.0,20.0,14.0,1.0,7.0
26-09-2017,155.0,123.0,24.0,11.0,1.0,9.0
27-09-2017,164.0,123.0,29.0,13.0,1.0,10.0
28-09-2017,163.0,123.0,30.0,14.0,1.0,9.0
29-09-2017,156.0,123.0,28.0,14.0,1.0,8.0
30-09-2017,156.0,123.0,37.0,10.0,1.0,7.0
01-04-2017,195.0,123.0,41.0,20.0,4.0,10.0
02-04-2017,164.0,123.0,39.0,20.0,4.0,11.0
03-04-2017,157.0,123.0,55.0,24.0,4.0,11.0
04-04-2017,168.0,123.0,53.0,15.0,1.0,9.0
05-04-2017,156.0,123.0,43.0,16.0,1.0,13.0
06-04-2017,163.0,123.0,63.0,16.0,2.0,18.0
07-04-2017,178.0,123.0,73.0,13.0,3.0,11.0
08-04-2017,164.0,123.0,78.0,16.0,5.0,12.0
09-04-2017,169.0,123.0,71.0,19.0,4.0,11.0
10-04-2017,128.0,123.0,79.0,20.0,4.0,11.0
11-04-2017,145.0,123.0,73.0,30.0,4.0,13.0
12-04-2017,161.0,123.0,107.0,37.0,6.0,14.0
13-04-2017,183.0,123.0,63.0,23.0,5.0,12.0
14-04-2017,192.0,123.0,23.0,18.0,3.0,12.0
17-04-2017,167.0,123.0,87.0,19.0,1.0,14.0
18-04-2017,184.0,123.0,92.0,18.0,2.0,10.0
19-04-2017,216.0,123.0,48.0,14.0,2.0,10.0
20-04-2017,195.0,123.0,64.0,5.0,1.0,9.0
21-04-2017,164.0,123.0,40.0,2.0,2.0,11.0
22-04-2017,175.0,123.0,26.0,13.0,2.0,24.0
23-04-2017,238.0,123.0,75.0,20.0,2.0,9.0
24-04-2017,148.0,123.0,64.0,23.0,3.0,15.0
25-04-2017,168.0,123.0,67.0,20.0,3.0,11.0
26-04-2017,196.0,123.0,79.0,22.0,4.0,11.0
27-04-2017,196.0,123.0,75.0,21.0,3.0,10.0
28-04-2017,163.0,123.0,89.0,27.0,3.0,11.0
29-04-2017,185.0,123.0,72.0,18.0,3.0,16.0
30-04-2017,166.0,123.0,72.0,21.0,2.0,9.0
01-05-2017,171.0,123.0,79.0,24.0,3.0,11.0
02-05-2017,178.0,123.0,96.0,41.0,4.0,15.0
03-05-2017,198.0,123.0,56.0,22.0,3.0,10.0
04-05-2017,169.0,123.0,82.0,27.0,4.0,12.0
05-05-2017,194.0,123.0,85.0,35.0,5.0,13.0
06-05-2017,244.0,123.0,66.0,28.0,3.0,11.0
07-05-2017,332.0,123.0,59.0,14.0,2.0,9.0
08-05-2017,199.0,123.0,67.0,21.0,2.0,9.0
09-05-2017,182.0,123.0,51.0,14.0,2.0,8.0
10-05-2017,135.0,123.0,54.0,14.0,2.0,10.0
11-05-2017,152.0,123.0,43.0,19.0,1.0,10.0
12-05-2017,173.0,123.0,34.0,27.0,2.0,10.0
13-05-2017,165.0,123.0,7.0,21.0,1.0,10.0
14-05-2017,153.0,123.0,23.0,23.0,1.0,13.0
15-05-2017,182.0,123.0,27.0,27.0,1.0,13.0
16-05-2017,214.0,123.0,7.0,14.0,1.0,9.0
17-05-2017,248.0,123.0,53.0,16.0,3.0,12.0
18-05-2017,205.0,123.0,13.0,21.0,2.0,8.0
19-05-2017,207.0,123.0,14.0,20.0,2.0,8.0
20-05-2017,198.0,123.0,21.0,6.0,2.0,7.0
21-05-2017,265.0,123.0,14.0,15.0,3.0,10.0
22-05-2017,233.0,123.0,15.0,12.0,4.0,8.0
23-05-2017,195.0,123.0,20.0,26.0,3.0,10.0
24-05-2017,221.0,123.0,19.0,25.0,2.0,10.0
25-05-2017,225.0,123.0,12.0,24.0,2.0,10.0
26-05-2017,211.0,123.0,11.0,18.0,3.0,10.0
27-05-2017,209.0,123.0,7.0,10.0,2.0,19.0
28-05-2017,173.0,123.0,6.0,14.0,1.0,12.0
29-05-2017,157.0,123.0,23.0,18.0,3.0,12.0
01-06-2017,174.0,123.0,8.0,16.0,2.0,10.0
02-06-2017,177.0,123.0,14.0,19.0,2.0,12.0
03-06-2017,191.0,123.0,17.0,29.0,1.0,12.0
04-06-2017,207.0,123.0,8.0,22.0,2.0,12.0
05-06-2017,197.0,123.0,5.0,10.0,1.0,8.0
06-06-2017,136.0,123.0,6.0,9.0,1.0,8.0
07-06-2017,117.0,123.0,5.0,10.0,2.0,8.0
08-06-2017,156.0,123.0,5.0,12.0,2.0,8.0
09-06-2017,150.0,123.0,7.0,12.0,2.0,9.0
10-06-2017,189.0,123.0,23.0,11.0,1.0,8.0
11-06-2017,183.0,123.0,23.0,14.0,2.0,9.0
12-06-2017,206.0,123.0,23.0,29.0,1.0,13.0
13-06-2017,230.0,123.0,23.0,18.0,3.0,12.0
16-06-2017,205.0,123.0,18.0,10.0,2.0,9.0
17-06-2017,257.0,123.0,20.0,13.0,1.0,11.0
18-06-2017,146.0,123.0,13.0,13.0,1.0,9.0
19-06-2017,142.0,123.0,8.0,10.0,2.0,9.0
20-06-2017,159.0,123.0,12.0,12.0,2.0,10.0
21-06-2017,135.0,123.0,14.0,11.0,1.0,8.0
22-06-2017,122.0,123.0,15.0,10.0,1.0,9.0
23-06-2017,124.0,123.0,17.0,14.0,1.0,10.0
24-06-2017,123.0,123.0,13.0,9.0,2.0,8.0
25-06-2017,124.0,123.0,12.0,7.0,1.0,7.0
26-06-2017,122.0,123.0,10.0,7.0,2.0,8.0
27-06-2017,124.0,123.0,10.0,8.0,2.0,8.0
28-06-2017,124.0,123.0,9.0,8.0,1.0,8.0
29-06-2017,124.0,123.0,11.0,9.0,2.0,9.0
30-06-2017,124.0,123.0,8.0,13.0,2.0,9.0
02-01-2017,232.0,123.0,15.0,16.0,6.0,12.0
03-01-2017,235.0,123.0,17.0,16.0,7.0,14.0
04-01-2017,228.0,123.0,18.0,19.0,7.0,19.0
05-01-2017,289.0,123.0,13.0,16.0,8.0,19.0
06-01-2017,259.0,123.0,20.0,17.0,4.0,16.0
07-01-2017,235.0,123.0,13.0,22.0,6.0,19.0
08-01-2017,290.0,123.0,16.0,20.0,6.0,19.0
09-01-2017,247.0,123.0,43.0,16.0,4.0,13.0
10-01-2017,185.0,123.0,45.0,21.0,5.0,14.0
11-01-2017,185.0,123.0,46.0,26.0,5.0,16.0
12-01-2017,217.0,123.0,58.0,31.0,6.0,21.0
13-01-2017,272.0,123.0,47.0,34.0,7.0,24.0
14-01-2017,317.0,123.0,46.0,35.0,7.0,26.0
15-01-2017,320.0,123.0,51.0,38.0,9.0,39.0
16-01-2017,361.0,123.0,33.0,23.0,5.0,18.0
17-01-2017,299.0,123.0,24.0,17.0,5.0,18.0
18-01-2017,278.0,123.0,38.0,24.0,7.0,21.0
19-01-2017,308.0,123.0,40.0,21.0,4.0,15.0
20-01-2017,214.0,123.0,42.0,25.0,6.0,17.0
21-01-2017,212.0,123.0,37.0,26.0,6.0,16.0
22-01-2017,289.0,123.0,34.0,28.0,8.0,17.0
23-01-2017,209.0,123.0,49.0,24.0,8.0,18.0
24-01-2017,216.0,123.0,49.0,30.0,11.0,38.0
25-01-2017,283.0,123.0,45.0,28.0,5.0,21.0
26-01-2017,279.0,123.0,25.0,20.0,5.0,18.0
27-01-2017,162.0,123.0,26.0,12.0,5.0,12.0
28-01-2017,160.0,123.0,28.0,11.0,4.0,12.0
29-01-2017,176.0,123.0,34.0,20.0,6.0,17.0
30-01-2017,207.0,123.0,40.0,24.0,7.0,21.0
31-01-2017,244.0,123.0,46.0,25.0,5.0,21.0
01-02-2017,241.0,123.0,41.0,29.0,6.0,28.0
02-02-2017,264.0,123.0,54.0,27.0,7.0,21.0
03-02-2017,237.0,123.0,53.0,34.0,6.0,23.0
04-02-2017,208.0,123.0,51.0,28.0,6.0,21.0
05-02-2017,13.0,123.0,51.0,27.0,4.0,17.0
06-02-2017,92.0,123.0,35.0,10.0,3.0,11.0
07-02-2017,170.0,123.0,37.0,30.0,7.0,19.0
08-02-2017,181.0,123.0,65.0,19.0,6.0,13.0
09-02-2017,189.0,123.0,50.0,18.0,5.0,14.0
10-02-2017,182.0,123.0,63.0,24.0,7.0,18.0
11-02-2017,217.0,123.0,61.0,32.0,7.0,21.0
12-02-2017,278.0,123.0,61.0,27.0,6.0,18.0
13-02-2017,241.0,123.0,59.0,23.0,7.0,15.0
14-02-2017,214.0,123.0,59.0,30.0,7.0,17.0
15-02-2017,221.0,123.0,64.0,33.0,8.0,21.0
16-02-2017,249.0,123.0,14.0,31.0,6.0,18.0
17-02-2017,308.0,123.0,23.0,18.0,3.0,12.0
21-02-2017,186.0,123.0,52.0,15.0,4.0,13.0
22-02-2017,168.0,123.0,56.0,16.0,5.0,12.0
23-02-2017,164.0,123.0,64.0,16.0,6.0,11.0
24-02-2017,163.0,123.0,43.0,18.0,7.0,11.0
25-02-2017,167.0,123.0,41.0,20.0,6.0,13.0
26-02-2017,176.0,123.0,39.0,23.0,5.0,15.0
27-02-2017,159.0,123.0,44.0,24.0,4.0,14.0
28-02-2017,184.0,123.0,42.0,33.0,6.0,21.0
01-03-2017,214.0,123.0,30.0,19.0,5.0,19.0
02-03-2017,206.0,123.0,43.0,16.0,2.0,11.0
03-03-2017,172.0,123.0,42.0,17.0,3.0,12.0
04-03-2017,162.0,123.0,51.0,16.0,3.0,12.0
05-03-2017,163.0,123.0,47.0,18.0,3.0,11.0
06-03-2017,158.0,123.0,43.0,26.0,4.0,13.0
07-03-2017,177.0,123.0,32.0,36.0,5.0,16.0
08-03-2017,238.0,123.0,44.0,28.0,3.0,15.0
09-03-2017,202.0,123.0,35.0,14.0,1.0,10.0
10-03-2017,134.0,123.0,30.0,17.0,2.0,11.0
11-03-2017,151.0,123.0,14.0,19.0,1.0,12.0
12-03-2017,127.0,123.0,23.0,18.0,3.0,12.0
14-03-2017,137.0,123.0,41.0,19.0,3.0,10.0
15-03-2017,160.0,123.0,42.0,24.0,3.0,5.0
16-03-2017,172.0,123.0,38.0,23.0,3.0,6.0
17-03-2017,181.0,123.0,41.0,18.0,3.0,7.0
18-03-2017,162.0,123.0,56.0,27.0,4.0,5.0
19-03-2017,181.0,123.0,36.0,27.0,4.0,5.0
20-03-2017,182.0,123.0,40.0,21.0,4.0,6.0
21-03-2017,190.0,123.0,42.0,31.0,6.0,12.0
22-03-2017,209.0,123.0,54.0,25.0,3.0,14.0
23-03-2017,242.0,123.0,49.0,26.0,4.0,16.0
24-03-2017,249.0,123.0,32.0,17.0,4.0,11.0
25-03-2017,190.0,123.0,42.0,15.0,4.0,9.0
26-03-2017,171.0,123.0,59.0,17.0,4.0,11.0
27-03-2017,179.0,123.0,41.0,25.0,5.0,12.0
28-03-2017,238.0,123.0,30.0,27.0,4.0,13.0
29-03-2017,215.0,123.0,33.0,18.0,3.0,10.0
30-03-2017,182.0,123.0,51.0,22.0,4.0,11.0
31-03-2017,191.0,123.0,39.0,28.0,5.0,17.0
01-10-2016,137.0,123.0,16.0,13.0,1.0,5.0
02-10-2016,147.0,123.0,17.0,13.0,1.0,7.0
03-10-2016,144.0,123.0,14.0,14.0,1.0,7.0
04-10-2016,150.0,123.0,9.0,15.0,1.0,7.0
05-10-2016,149.0,123.0,16.0,12.0,3.0,9.0
06-10-2016,105.0,123.0,16.0,13.0,1.0,11.0
07-10-2016,144.0,123.0,15.0,16.0,1.0,11.0
08-10-2016,167.0,123.0,18.0,10.0,1.0,9.0
09-10-2016,127.0,123.0,5.0,17.0,1.0,11.0
10-10-2016,153.0,123.0,18.0,18.0,2.0,10.0
11-10-2016,187.0,123.0,32.0,18.0,2.0,11.0
12-10-2016,193.0,123.0,29.0,26.0,3.0,14.0
13-10-2016,180.0,123.0,40.0,29.0,4.0,16.0
14-10-2016,186.0,123.0,79.0,48.0,4.0,20.0
15-10-2016,203.0,123.0,64.0,12.0,3.0,23.0
16-10-2016,216.0,123.0,79.0,40.0,3.0,21.0
17-10-2016,216.0,123.0,76.0,36.0,4.0,17.0
18-10-2016,191.0,123.0,42.0,23.0,5.0,24.0
19-10-2016,194.0,123.0,49.0,31.0,5.0,22.0
20-10-2016,202.0,123.0,33.0,18.0,6.0,18.0
21-10-2016,210.0,123.0,34.0,33.0,4.0,16.0
22-10-2016,167.0,123.0,38.0,33.0,3.0,16.0
23-10-2016,193.0,123.0,37.0,35.0,3.0,17.0
24-10-2016,206.0,123.0,39.0,44.0,4.0,17.0
25-10-2016,201.0,123.0,47.0,18.0,3.0,12.0
26-10-2016,189.0,123.0,38.0,40.0,5.0,29.0
27-10-2016,215.0,123.0,43.0,48.0,5.0,24.0
28-10-2016,220.0,123.0,41.0,50.0,4.0,15.0
29-10-2016,274.0,123.0,31.0,30.0,3.0,10.0
30-10-2016,271.0,123.0,41.0,29.0,7.0,15.0
31-10-2016,345.0,123.0,40.0,26.0,3.0,13.0
01-11-2016,283.0,123.0,33.0,26.0,2.0,14.0
02-11-2016,245.0,123.0,28.0,31.0,2.0,21.0
03-11-2016,250.0,123.0,29.0,34.0,2.0,20.0
04-11-2016,238.0,123.0,32.0,32.0,2.0,12.0
05-11-2016,266.0,123.0,38.0,30.0,2.0,12.0
06-11-2016,398.0,123.0,17.0,30.0,3.0,12.0
07-11-2016,394.0,123.0,44.0,45.0,2.0,12.0
08-11-2016,413.0,123.0,53.0,56.0,3.0,12.0
09-11-2016,401.0,123.0,61.0,34.0,3.0,12.0
10-11-2016,395.0,123.0,52.0,55.0,2.0,54.0
11-11-2016,393.0,123.0,61.0,67.0,2.0,48.0
12-11-2016,392.0,123.0,46.0,37.0,1.0,25.0
13-11-2016,269.0,123.0,45.0,31.0,1.0,18.0
14-11-2016,220.0,123.0,43.0,33.0,3.0,26.0
15-11-2016,239.0,123.0,50.0,33.0,4.0,23.0
16-11-2016,252.0,123.0,54.0,32.0,3.0,10.0
17-11-2016,253.0,123.0,64.0,33.0,1.0,4.0
18-11-2016,307.0,123.0,49.0,26.0,2.0,9.0
19-11-2016,350.0,123.0,49.0,30.0,4.0,9.0
20-11-2016,331.0,123.0,52.0,44.0,4.0,5.0
21-11-2016,304.0,123.0,48.0,38.0,1.0,5.0
22-11-2016,250.0,123.0,34.0,33.0,2.0,4.0
23-11-2016,213.0,123.0,50.0,30.0,3.0,4.0
24-11-2016,243.0,123.0,42.0,30.0,1.0,5.0
25-11-2016,237.0,123.0,47.0,38.0,1.0,6.0
26-11-2016,200.0,123.0,46.0,36.0,2.0,4.0
27-11-2016,261.0,123.0,49.0,38.0,2.0,8.0
28-11-2016,214.0,123.0,15.0,42.0,5.0,6.0
29-11-2016,325.0,123.0,28.0,32.0,4.0,6.0
30-11-2016,256.0,123.0,23.0,34.0,3.0,7.0
01-12-2016,265.0,123.0,11.0,27.0,2.0,5.0
02-12-2016,255.0,123.0,7.0,22.0,1.0,6.0
03-12-2016,237.0,123.0,13.0,22.0,1.0,6.0
04-12-2016,227.0,123.0,16.0,25.0,3.0,4.0
05-12-2016,214.0,123.0,8.0,19.0,1.0,5.0
06-12-2016,253.0,123.0,12.0,16.0,2.0,7.0
07-12-2016,203.0,123.0,3.0,18.0,3.0,6.0
08-12-2016,236.0,123.0,19.0,25.0,3.0,8.0
09-12-2016,336.0,123.0,10.0,29.0,4.0,5.0
10-12-2016,308.0,123.0,24.0,22.0,3.0,5.0
11-12-2016,258.0,123.0,10.0,23.0,3.0,5.0
12-12-2016,273.0,123.0,29.0,27.0,3.0,9.0
13-12-2016,243.0,123.0,20.0,28.0,6.0,8.0
14-12-2016,318.0,123.0,31.0,28.0,4.0,8.0
15-12-2016,239.0,123.0,22.0,25.0,4.0,7.0
16-12-2016,302.0,123.0,25.0,29.0,4.0,10.0
17-12-2016,325.0,123.0,33.0,31.0,6.0,7.0
18-12-2016,319.0,123.0,29.0,29.0,5.0,7.0
19-12-2016,288.0,123.0,21.0,26.0,5.0,10.0
20-12-2016,275.0,123.0,22.0,23.0,3.0,5.0
21-12-2016,257.0,123.0,33.0,38.0,5.0,8.0
22-12-2016,377.0,123.0,21.0,25.0,6.0,11.0
23-12-2016,314.0,123.0,19.0,28.0,9.0,8.0
24-12-2016,367.0,123.0,23.0,18.0,3.0,12.0
26-12-2016,358.0,123.0,42.0,34.0,7.0,13.0
27-12-2016,256.0,123.0,19.0,30.0,8.0,10.0
28-12-2016,367.0,123.0,23.0,20.0,5.0,13.0
29-12-2016,286.0,123.0,20.0,20.0,6.0,12.0
30-12-2016,259.0,123.0,17.0,23.0,6.0,12.0
31-12-2016,221.0,123.0,12.0,15.0,5.0,12.0
01-01-2017,225.0,123.0,15.0,17.0,6.0,12.0
01-07-2016,186.0,123.0,5.0,6.0,2.0,6.0
02-07-2016,147.0,123.0,13.0,5.0,2.0,6.0
03-07-2016,161.0,123.0,5.0,5.0,2.0,5.0
04-07-2016,164.0,123.0,5.0,6.0,3.0,6.0
05-07-2016,159.0,123.0,1.0,5.0,2.0,5.0
06-07-2016,153.0,123.0,1.0,5.0,2.0,6.0
07-07-2016,164.0,123.0,2.0,9.0,2.0,9.0
08-07-2016,173.0,123.0,3.0,6.0,2.0,6.0
09-07-2016,165.0,123.0,1.0,5.0,2.0,7.0
10-07-2016,182.0,123.0,1.0,6.0,2.0,5.0
11-07-2016,157.0,123.0,2.0,6.0,2.0,5.0
12-07-2016,169.0,123.0,1.0,7.0,2.0,5.0
13-07-2016,158.0,123.0,2.0,7.0,2.0,6.0
14-07-2016,164.0,123.0,4.0,7.0,2.0,6.0
15-07-2016,145.0,123.0,5.0,7.0,2.0,7.0
16-07-2016,151.0,123.0,66.0,7.0,2.0,6.0
17-07-2016,151.0,123.0,38.0,8.0,2.0,7.0
18-07-2016,88.0,123.0,14.0,9.0,1.0,8.0
19-07-2016,102.0,123.0,9.0,10.0,2.0,9.0
20-07-2016,116.0,123.0,7.0,8.0,2.0,8.0
21-07-2016,106.0,123.0,9.0,13.0,3.0,7.0
25-07-2016,108.0,123.0,16.0,5.0,2.0,7.0
26-07-2016,50.0,123.0,36.0,9.0,1.0,16.0
27-07-2016,143.0,123.0,19.0,6.0,3.0,6.0
28-07-2016,40.0,123.0,23.0,18.0,3.0,12.0
01-08-2016,160.0,123.0,16.0,8.0,2.0,5.0
02-08-2016,166.0,123.0,22.0,8.0,3.0,6.0
03-08-2016,74.0,123.0,26.0,6.0,1.0,5.0
04-08-2016,81.0,123.0,28.0,6.0,1.0,6.0
05-08-2016,129.0,123.0,40.0,5.0,1.0,4.0
06-08-2016,107.0,123.0,27.0,4.0,1.0,4.0
07-08-2016,94.0,123.0,19.0,5.0,1.0,4.0
08-08-2016,106.0,123.0,7.0,9.0,1.0,6.0
09-08-2016,116.0,123.0,10.0,9.0,1.0,5.0
10-08-2016,128.0,123.0,7.0,7.0,1.0,9.0
11-08-2016,72.0,123.0,6.0,8.0,1.0,7.0
12-08-2016,93.0,123.0,18.0,5.0,1.0,5.0
13-08-2016,92.0,123.0,14.0,3.0,3.0,6.0
14-08-2016,85.0,123.0,7.0,8.0,1.0,8.0
15-08-2016,107.0,123.0,23.0,4.0,1.0,4.0
16-08-2016,244.0,123.0,15.0,9.0,3.0,9.0
17-08-2016,52.0,123.0,15.0,5.0,1.0,5.0
18-08-2016,58.0,123.0,15.0,3.0,1.0,5.0
19-08-2016,63.0,123.0,14.0,6.0,1.0,4.0
20-08-2016,76.0,123.0,16.0,7.0,1.0,5.0
21-08-2016,75.0,123.0,9.0,7.0,1.0,5.0
22-08-2016,83.0,123.0,8.0,5.0,3.0,4.0
23-08-2016,83.0,123.0,6.0,8.0,3.0,6.0
24-08-2016,100.0,123.0,11.0,9.0,3.0,6.0
25-08-2016,128.0,123.0,9.0,8.0,3.0,7.0
26-08-2016,126.0,123.0,76.0,5.0,3.0,7.0
27-08-2016,91.0,123.0,5.0,6.0,3.0,7.0
28-08-2016,125.0,123.0,6.0,14.0,3.0,9.0
29-08-2016,146.0,123.0,6.0,15.0,3.0,7.0
30-08-2016,119.0,123.0,4.0,8.0,3.0,5.0
31-08-2016,68.0,123.0,31.0,8.0,3.0,7.0
01-09-2016,86.0,123.0,12.0,9.0,3.0,6.0
02-09-2016,113.0,123.0,7.0,11.0,3.0,7.0
03-09-2016,126.0,123.0,8.0,11.0,3.0,10.0
04-09-2016,119.0,123.0,13.0,10.0,3.0,7.0
05-09-2016,102.0,123.0,21.0,10.0,3.0,6.0
06-09-2016,121.0,123.0,13.0,9.0,3.0,5.0
07-09-2016,123.0,123.0,15.0,17.0,3.0,7.0
08-09-2016,138.0,123.0,16.0,19.0,3.0,5.0
09-09-2016,150.0,123.0,17.0,21.0,1.0,5.0
10-09-2016,137.0,123.0,25.0,18.0,2.0,5.0
11-09-2016,127.0,123.0,17.0,17.0,1.0,5.0
12-09-2016,121.0,123.0,4.0,7.0,2.0,8.0
13-09-2016,73.0,123.0,8.0,8.0,1.0,7.0
14-09-2016,62.0,123.0,7.0,9.0,2.0,11.0
15-09-2016,105.0,123.0,12.0,11.0,1.0,12.0
16-09-2016,126.0,123.0,13.0,8.0,2.0,8.0
17-09-2016,78.0,123.0,7.0,14.0,2.0,6.0
18-09-2016,87.0,123.0,10.0,10.0,2.0,9.0
19-09-2016,135.0,123.0,14.0,14.0,4.0,16.0
20-09-2016,174.0,123.0,7.0,11.0,2.0,9.0
21-09-2016,114.0,123.0,8.0,6.0,2.0,4.0
22-09-2016,63.0,123.0,9.0,11.0,2.0,7.0
23-09-2016,83.0,123.0,11.0,8.0,2.0,5.0
24-09-2016,67.0,123.0,12.0,7.0,3.0,4.0
25-09-2016,26.0,123.0,11.0,7.0,2.0,5.0
26-09-2016,47.0,123.0,13.0,9.0,2.0,9.0
27-09-2016,86.0,123.0,13.0,11.0,3.0,7.0
28-09-2016,111.0,123.0,14.0,9.0,1.0,4.0
29-09-2016,97.0,123.0,13.0,12.0,1.0,7.0
30-09-2016,118.0,123.0,15.0,11.0,3.0,5.0
01-04-2016,165.0,123.0,23.0,18.0,3.0,12.0
04-04-2016,168.0,123.0,25.0,20.0,2.0,11.0
05-04-2016,164.0,123.0,36.0,22.0,2.0,8.0
06-04-2016,178.0,123.0,33.0,27.0,3.0,11.0
07-04-2016,150.0,123.0,42.0,26.0,2.0,7.0
08-04-2016,158.0,123.0,23.0,18.0,3.0,12.0
10-04-2016,208.0,123.0,42.0,24.0,1.0,9.0
11-04-2016,193.0,123.0,41.0,22.0,3.0,11.0
12-04-2016,179.0,123.0,39.0,25.0,3.0,8.0
13-04-2016,180.0,123.0,47.0,31.0,3.0,11.0
14-04-2016,190.0,123.0,41.0,38.0,1.0,11.0
15-04-2016,179.0,123.0,63.0,27.0,1.0,10.0
16-04-2016,202.0,123.0,41.0,27.0,3.0,11.0
17-04-2016,212.0,123.0,7.0,24.0,1.0,10.0
18-04-2016,209.0,123.0,38.0,36.0,1.0,10.0
19-04-2016,184.0,123.0,39.0,33.0,1.0,10.0
20-04-2016,175.0,123.0,44.0,20.0,1.0,9.0
21-04-2016,169.0,123.0,41.0,17.0,1.0,9.0
22-04-2016,173.0,123.0,44.0,23.0,1.0,10.0
23-04-2016,156.0,123.0,50.0,22.0,1.0,8.0
24-04-2016,144.0,123.0,49.0,22.0,3.0,10.0
25-04-2016,157.0,123.0,43.0,24.0,3.0,9.0
26-04-2016,181.0,123.0,54.0,42.0,1.0,12.0
27-04-2016,169.0,123.0,51.0,38.0,2.0,12.0
28-04-2016,161.0,123.0,50.0,32.0,2.0,11.0
29-04-2016,173.0,123.0,36.0,35.0,3.0,12.0
30-04-2016,188.0,123.0,69.0,38.0,2.0,11.0
01-05-2016,186.0,123.0,88.0,51.0,2.0,12.0
02-05-2016,175.0,123.0,23.0,25.0,2.0,9.0
03-05-2016,175.0,123.0,32.0,29.0,2.0,9.0
04-05-2016,168.0,123.0,39.0,25.0,2.0,8.0
05-05-2016,163.0,123.0,40.0,28.0,2.0,8.0
06-05-2016,162.0,123.0,52.0,22.0,3.0,10.0
07-05-2016,159.0,123.0,23.0,18.0,3.0,12.0
27-05-2016,144.0,123.0,23.0,13.0,3.0,12.0
28-05-2016,124.0,123.0,18.0,7.0,3.0,13.0
29-05-2016,220.0,123.0,20.0,6.0,3.0,12.0
30-05-2016,133.0,123.0,14.0,7.0,1.0,9.0
31-05-2016,156.0,123.0,19.0,7.0,2.0,13.0
01-06-2016,211.0,123.0,19.0,5.0,6.0,8.0
02-06-2016,191.0,123.0,38.0,2.0,2.0,7.0
03-06-2016,420.0,123.0,14.0,2.0,2.0,8.0
04-06-2016,131.0,123.0,40.0,2.0,2.0,6.0
05-06-2016,132.0,123.0,28.0,2.0,2.0,7.0
06-06-2016,158.0,123.0,26.0,2.0,2.0,9.0
07-06-2016,167.0,123.0,19.0,2.0,3.0,5.0
08-06-2016,127.0,123.0,12.0,5.0,2.0,6.0
09-06-2016,202.0,123.0,43.0,6.0,2.0,8.0
10-06-2016,134.0,123.0,2.0,6.0,2.0,8.0
11-06-2016,122.0,123.0,1.0,6.0,2.0,8.0
12-06-2016,119.0,123.0,26.0,11.0,3.0,11.0
13-06-2016,125.0,123.0,32.0,16.0,2.0,7.0
14-06-2016,144.0,123.0,23.0,12.0,2.0,9.0
15-06-2016,127.0,123.0,25.0,12.0,2.0,6.0
16-06-2016,126.0,123.0,31.0,10.0,2.0,8.0
17-06-2016,123.0,123.0,25.0,8.0,2.0,7.0
18-06-2016,135.0,123.0,24.0,7.0,2.0,5.0
19-06-2016,115.0,123.0,27.0,8.0,1.0,7.0
20-06-2016,126.0,123.0,14.0,6.0,2.0,6.0
21-06-2016,128.0,123.0,11.0,14.0,2.0,16.0
22-06-2016,92.0,123.0,28.0,9.0,2.0,7.0
23-06-2016,100.0,123.0,5.0,24.0,3.0,18.0
24-06-2016,152.0,123.0,23.0,18.0,3.0,12.0
27-06-2016,159.0,123.0,15.0,9.0,1.0,7.0
28-06-2016,278.0,123.0,9.0,8.0,2.0,6.0
29-06-2016,145.0,123.0,12.0,7.0,2.0,14.0
30-06-2016,178.0,123.0,7.0,6.0,2.0,5.0
04-01-2016,179.0,123.0,120.0,6.0,7.0,64.0
05-01-2016,190.0,123.0,113.0,6.0,6.0,47.0
06-01-2016,237.0,123.0,100.0,6.0,3.0,24.0
07-01-2016,202.0,123.0,112.0,6.0,3.0,19.0
08-01-2016,218.0,123.0,25.0,5.0,1.0,13.0
09-01-2016,186.0,123.0,33.0,5.0,3.0,11.0
10-01-2016,188.0,123.0,34.0,5.0,3.0,30.0
11-01-2016,248.0,123.0,35.0,4.0,2.0,26.0
12-01-2016,323.0,123.0,35.0,4.0,3.0,21.0
13-01-2016,305.0,123.0,30.0,4.0,2.0,6.0
14-01-2016,313.0,123.0,31.0,3.0,3.0,12.0
15-01-2016,216.0,123.0,34.0,3.0,1.0,8.0
16-01-2016,225.0,123.0,27.0,3.0,3.0,13.0
17-01-2016,238.0,123.0,31.0,3.0,3.0,13.0
18-01-2016,293.0,123.0,15.0,4.0,3.0,16.0
19-01-2016,301.0,123.0,26.0,3.0,2.0,8.0
20-01-2016,210.0,123.0,14.0,3.0,2.0,7.0
21-01-2016,227.0,123.0,28.0,3.0,2.0,7.0
22-01-2016,281.0,123.0,6.0,4.0,1.0,6.0
23-01-2016,281.0,123.0,21.0,4.0,2.0,14.0
24-01-2016,254.0,123.0,45.0,3.0,3.0,11.0
25-01-2016,305.0,123.0,43.0,4.0,1.0,9.0
26-01-2016,254.0,123.0,44.0,4.0,2.0,10.0
27-01-2016,278.0,123.0,52.0,4.0,2.0,10.0
28-01-2016,316.0,123.0,45.0,4.0,3.0,16.0
29-01-2016,288.0,123.0,36.0,4.0,2.0,14.0
30-01-2016,322.0,123.0,20.0,5.0,2.0,7.0
31-01-2016,227.0,123.0,26.0,3.0,2.0,9.0
01-02-2016,211.0,123.0,42.0,3.0,2.0,6.0
02-02-2016,193.0,123.0,41.0,3.0,3.0,6.0
03-02-2016,196.0,123.0,45.0,3.0,3.0,9.0
04-02-2016,210.0,123.0,46.0,3.0,2.0,9.0
05-02-2016,238.0,123.0,65.0,3.0,3.0,13.0
06-02-2016,304.0,123.0,17.0,3.0,1.0,5.0
07-02-2016,321.0,123.0,38.0,3.0,2.0,15.0
08-02-2016,294.0,123.0,41.0,3.0,3.0,5.0
09-02-2016,241.0,123.0,50.0,4.0,2.0,7.0
10-02-2016,263.0,123.0,45.0,4.0,3.0,12.0
11-02-2016,285.0,123.0,50.0,7.0,2.0,5.0
12-02-2016,243.0,123.0,23.0,18.0,3.0,12.0
14-02-2016,197.0,123.0,47.0,8.0,2.0,7.0
15-02-2016,230.0,123.0,36.0,7.0,4.0,8.0
16-02-2016,221.0,123.0,45.0,3.0,2.0,8.0
17-02-2016,249.0,123.0,36.0,6.0,1.0,7.0
18-02-2016,176.0,123.0,33.0,7.0,2.0,8.0
19-02-2016,182.0,123.0,29.0,9.0,1.0,9.0
20-02-2016,201.0,123.0,29.0,19.0,1.0,8.0
21-02-2016,171.0,123.0,37.0,18.0,1.0,8.0
22-02-2016,165.0,123.0,44.0,19.0,2.0,9.0
23-02-2016,173.0,123.0,44.0,21.0,2.0,12.0
24-02-2016,205.0,123.0,53.0,16.0,1.0,10.0
25-02-2016,206.0,123.0,42.0,13.0,1.0,9.0
26-02-2016,220.0,123.0,23.0,18.0,3.0,12.0
28-02-2016,194.0,123.0,54.0,12.0,2.0,12.0
29-02-2016,254.0,123.0,23.0,18.0,3.0,12.0
02-03-2016,271.0,123.0,48.0,11.0,1.0,13.0
03-03-2016,197.0,123.0,36.0,8.0,2.0,12.0
04-03-2016,214.0,123.0,23.0,18.0,3.0,12.0
07-03-2016,166.0,123.0,35.0,5.0,1.0,8.0
08-03-2016,159.0,123.0,42.0,3.0,1.0,8.0
09-03-2016,171.0,123.0,38.0,12.0,2.0,8.0
10-03-2016,160.0,123.0,46.0,32.0,2.0,10.0
11-03-2016,148.0,123.0,37.0,26.0,2.0,7.0
12-03-2016,162.0,123.0,29.0,27.0,1.0,7.0
13-03-2016,128.0,123.0,30.0,25.0,1.0,9.0
14-03-2016,143.0,123.0,28.0,27.0,1.0,11.0
15-03-2016,155.0,123.0,33.0,27.0,1.0,8.0
16-03-2016,164.0,123.0,37.0,27.0,2.0,6.0
17-03-2016,150.0,123.0,55.0,18.0,2.0,5.0
18-03-2016,143.0,123.0,25.0,9.0,1.0,15.0
19-03-2016,141.0,123.0,35.0,15.0,2.0,10.0
20-03-2016,163.0,123.0,36.0,27.0,1.0,9.0
21-03-2016,162.0,123.0,41.0,21.0,1.0,6.0
22-03-2016,158.0,123.0,44.0,24.0,2.0,12.0
23-03-2016,139.0,123.0,79.0,31.0,2.0,11.0
24-03-2016,153.0,123.0,93.0,36.0,3.0,12.0
25-03-2016,162.0,123.0,23.0,18.0,3.0,12.0
27-03-2016,120.0,123.0,41.0,26.0,2.0,10.0
28-03-2016,137.0,123.0,47.0,27.0,3.0,10.0
29-03-2016,157.0,123.0,66.0,24.0,4.0,10.0
30-03-2016,166.0,123.0,59.0,27.0,4.0,11.0
31-03-2016,157.0,123.0,50.0,32.0,3.0,12.0
30-12-2015,241.0,123.0,44.0,5.0,7.0,82.0
31-12-2015,334.0,123.0,23.0,18.0,3.0,12.0
02-01-2016,206.0,123.0,39.0,6.0,3.0,15.0
03-01-2016,187.0,123.0,111.0,6.0,3.0,27.0
01-07-2015,35.0,123.0,12.0,6.0,2.0,6.0
02-07-2015,49.0,123.0,12.0,7.0,3.0,8.0
03-07-2015,36.0,123.0,13.0,5.0,3.0,7.0
04-07-2015,40.0,123.0,14.0,5.0,4.0,4.0
05-07-2015,37.0,123.0,13.0,4.0,2.0,6.0
06-07-2015,60.0,123.0,12.0,3.0,2.0,12.0
07-07-2015,39.0,123.0,11.0,3.0,4.0,4.0
08-07-2015,30.0,123.0,11.0,4.0,3.0,10.0
09-07-2015,33.0,123.0,10.0,3.0,3.0,11.0
10-07-2015,41.0,123.0,13.0,3.0,3.0,9.0
11-07-2015,59.0,123.0,11.0,3.0,2.0,27.0
13-07-2015,68.0,123.0,15.0,4.0,2.0,12.0
14-07-2015,138.0,123.0,15.0,6.0,2.0,12.0
15-07-2015,114.0,123.0,14.0,5.0,1.0,7.0
19-07-2015,65.0,123.0,15.0,4.0,3.0,5.0
20-07-2015,67.0,123.0,15.0,4.0,3.0,5.0
21-07-2015,71.0,123.0,15.0,3.0,3.0,11.0
22-07-2015,71.0,123.0,14.0,7.0,2.0,13.0
23-07-2015,173.0,123.0,15.0,4.0,2.0,13.0
24-07-2015,163.0,123.0,14.0,7.0,3.0,11.0
25-07-2015,157.0,123.0,14.0,4.0,2.0,7.0
26-07-2015,128.0,123.0,14.0,1.0,3.0,175.0
27-07-2015,166.0,123.0,14.0,7.0,2.0,25.0
28-07-2015,156.0,123.0,24.0,3.0,2.0,10.0
29-07-2015,135.0,123.0,20.0,2.0,3.0,10.0
30-07-2015,132.0,123.0,20.0,2.0,8.0,9.0
31-07-2015,140.0,123.0,22.0,3.0,2.0,7.0
01-08-2015,148.0,123.0,21.0,3.0,2.0,7.0
02-08-2015,151.0,123.0,23.0,2.0,4.0,7.0
03-08-2015,139.0,123.0,18.0,2.0,2.0,10.0
04-08-2015,165.0,123.0,38.0,2.0,3.0,13.0
05-08-2015,145.0,123.0,17.0,3.0,2.0,9.0
06-08-2015,159.0,123.0,9.0,3.0,3.0,8.0
07-08-2015,156.0,123.0,5.0,3.0,1.0,7.0
08-08-2015,229.0,123.0,23.0,4.0,2.0,8.0
09-08-2015,198.0,123.0,23.0,4.0,2.0,10.0
10-08-2015,172.0,123.0,4.0,3.0,1.0,9.0
11-08-2015,140.0,123.0,5.0,4.0,3.0,7.0
12-08-2015,92.0,123.0,6.0,4.0,1.0,10.0
13-08-2015,160.0,123.0,23.0,18.0,3.0,12.0
13-05-2015,107.0,123.0,42.0,7.0,3.0,16.0
14-05-2015,116.0,123.0,52.0,6.0,3.0,14.0
15-05-2015,91.0,123.0,48.0,6.0,2.0,14.0
16-05-2015,109.0,123.0,64.0,6.0,3.0,19.0
17-05-2015,112.0,123.0,72.0,7.0,3.0,17.0
18-05-2015,113.0,123.0,54.0,6.0,6.0,8.0
19-05-2015,105.0,123.0,17.0,6.0,4.0,12.0
20-05-2015,113.0,123.0,23.0,6.0,7.0,16.0
21-05-2015,131.0,123.0,9.0,6.0,11.0,78.0
22-05-2015,113.0,123.0,12.0,9.0,10.0,32.0
23-05-2015,134.0,123.0,12.0,18.0,7.0,15.0
24-05-2015,119.0,123.0,12.0,18.0,7.0,21.0
25-05-2015,117.0,123.0,12.0,18.0,7.0,20.0
26-05-2015,130.0,123.0,12.0,18.0,7.0,80.0
27-05-2015,121.0,123.0,12.0,18.0,7.0,40.0
28-05-2015,127.0,123.0,12.0,18.0,7.0,12.0
29-05-2015,121.0,123.0,12.0,5.0,7.0,159.0
30-05-2015,127.0,123.0,22.0,11.0,2.0,14.0
31-05-2015,84.0,123.0,22.0,5.0,2.0,21.0
01-06-2015,51.0,123.0,22.0,5.0,3.0,22.0
02-06-2015,99.0,123.0,22.0,7.0,3.0,13.0
03-06-2015,190.0,123.0,22.0,10.0,2.0,11.0
04-06-2015,170.0,123.0,22.0,5.0,3.0,8.0
05-06-2015,180.0,123.0,22.0,5.0,2.0,8.0
06-06-2015,180.0,123.0,23.0,18.0,3.0,10.0
07-06-2015,179.0,123.0,22.0,18.0,3.0,6.0
08-06-2015,208.0,123.0,22.0,7.0,3.0,13.0
09-06-2015,179.0,123.0,22.0,6.0,2.0,12.0
10-06-2015,151.0,123.0,22.0,5.0,4.0,14.0
11-06-2015,155.0,123.0,22.0,6.0,2.0,17.0
12-06-2015,148.0,123.0,22.0,5.0,3.0,10.0
13-06-2015,147.0,123.0,23.0,5.0,3.0,11.0
14-06-2015,116.0,123.0,22.0,6.0,4.0,10.0
15-06-2015,185.0,123.0,23.0,6.0,3.0,10.0
16-06-2015,240.0,123.0,23.0,6.0,2.0,12.0
17-06-2015,92.0,123.0,23.0,5.0,2.0,8.0
18-06-2015,117.0,123.0,27.0,7.0,3.0,8.0
19-06-2015,122.0,123.0,23.0,4.0,3.0,6.0
20-06-2015,313.0,123.0,23.0,4.0,2.0,67.0
21-06-2015,126.0,123.0,23.0,4.0,3.0,10.0
22-06-2015,158.0,123.0,23.0,4.0,2.0,7.0
23-06-2015,157.0,123.0,23.0,4.0,2.0,8.0
24-06-2015,127.0,123.0,23.0,4.0,3.0,12.0
25-06-2015,119.0,123.0,11.0,4.0,2.0,16.0
26-06-2015,102.0,123.0,11.0,4.0,3.0,12.0
27-06-2015,51.0,123.0,11.0,4.0,2.0,7.0
28-06-2015,38.0,123.0,11.0,4.0,2.0,4.0
29-06-2015,36.0,123.0,11.0,4.0,3.0,8.0
30-06-2015,31.0,123.0,13.0,5.0,3.0,10.0
24-09-2021,172.0,62.0,24.0,17.0,2.0,4.0
31-12-2019,172.0,123.0,16.0,31.0,18.0,50.0
31-12-2018,172.0,123.0,40.0,34.0,20.0,5.0
28-02-2019,172.0,123.0,12.0,56.0,3.0,3.0
30-11-2018,172.0,123.0,16.0,35.0,6.0,13.0
14-12-2018,172.0,123.0,13.0,23.0,3.0,10.0
08-03-2018,172.0,123.0,50.0,19.0,6.0,8.0
02-10-2017,172.0,123.0,12.0,13.0,1.0,9.0
10-12-2017,172.0,123.0,30.0,39.0,2.0,16.0
15-12-2017,172.0,123.0,17.0,28.0,2.0,13.0
05-07-2017,172.0,123.0,4.0,14.0,1.0,11.0
17-08-2017,172.0,123.0,2.0,12.0,3.0,11.0
10-09-2017,172.0,123.0,26.0,11.0,1.0,6.0
16-04-2017,172.0,123.0,59.0,9.0,1.0,11.0
31-05-2017,172.0,123.0,6.0,19.0,2.0,10.0
15-06-2017,172.0,123.0,8.0,12.0,1.0,8.0
20-02-2017,172.0,123.0,36.0,18.0,4.0,17.0
13-03-2017,172.0,123.0,43.0,15.0,3.0,9.0
25-12-2016,172.0,123.0,22.0,35.0,8.0,18.0
22-07-2016,172.0,123.0,9.0,10.0,3.0,6.0
23-07-2016,172.0,123.0,8.0,8.0,2.0,7.0
24-07-2016,172.0,123.0,10.0,9.0,2.0,8.0
31-07-2016,172.0,123.0,15.0,9.0,2.0,8.0
03-04-2016,172.0,123.0,26.0,20.0,2.0,11.0
09-04-2016,172.0,123.0,28.0,25.0,1.0,7.0
11-05-2016,172.0,123.0,66.0,13.0,8.0,12.0
25-05-2016,172.0,123.0,18.0,13.0,2.0,10.0
26-05-2016,172.0,123.0,13.0,14.0,2.0,11.0
26-06-2016,172.0,123.0,10.0,7.0,3.0,14.0
13-02-2016,172.0,123.0,48.0,8.0,3.0,10.0
27-02-2016,172.0,123.0,54.0,13.0,1.0,12.0
01-03-2016,172.0,123.0,59.0,8.0,3.0,10.0
06-03-2016,172.0,123.0,43.0,7.0,2.0,10.0
26-03-2016,172.0,123.0,34.0,25.0,1.0,5.0
29-12-2015,172.0,123.0,44.0,7.0,5.0,26.0
01-01-2016,172.0,123.0,37.0,7.0,3.0,25.0
12-07-2015,172.0,123.0,43.0,1.0,2.0,9.0
16-07-2015,172.0,123.0,14.0,3.0,3.0,7.0
17-07-2015,172.0,123.0,14.0,4.0,3.0,6.0
18-07-2015,172.0,123.0,14.0,4.0,2.0,5.0
12-05-2015,172.0,123.0,18.0,9.0,4.0,8.0
